Season,Team,PTS,OPP_PTS,ORtg,DRtg,Team TS%,eFG%,TOV%,ORB%,FT/FGA,Opp eFG%,Opp TOV%,DRB%,Opp FT/FGA
1984,Denver Nuggets,123.7,124.8,111.3,112.3,0.553,0.498,12.8,29.3,0.276,0.522,14.6,66.6,0.277
1984,Detroit Pistons,117.1,113.5,111.5,108.1,0.532,0.482,12.7,36.7,0.25,0.5,14.8,67.7,0.263
1984,Los Angeles Lakers,115.6,111.8,110.9,107.3,0.574,0.536,16.1,33.7,0.236,0.487,14.3,66.6,0.232
1984,Utah Jazz,115.0,113.8,109.0,108.0,0.559,0.505,15.2,30.8,0.292,0.479,13.9,63.4,0.229
1984,Portland Trail Blazers,113.1,109.6,111.2,107.7,0.556,0.507,15.1,36.4,0.277,0.518,17.0,67.4,0.259
1984,Boston Celtics,112.1,105.6,110.9,104.4,0.554,0.504,14.6,34.2,0.264,0.475,13.8,69.7,0.225
1984,Phoenix Suns,111.0,110.1,108.9,108.0,0.556,0.514,15.1,31.4,0.232,0.501,15.3,68.3,0.277
1984,Dallas Mavericks,110.4,110.0,110.0,109.6,0.547,0.503,13.6,31.7,0.245,0.503,14.4,65.7,0.232
1984,Kansas City Kings,110.0,111.5,106.5,108.0,0.542,0.49,15.3,32.4,0.268,0.505,16.1,66.9,0.266
1984,New Jersey Nets,110.0,108.9,106.1,105.0,0.54,0.501,16.1,34.6,0.24,0.494,17.0,67.8,0.292
1984,Seattle SuperSonics,108.1,108.3,107.9,108.1,0.543,0.49,14.3,30.7,0.271,0.492,13.8,66.6,0.226
1984,Philadelphia 76ers,107.8,105.6,106.8,104.6,0.551,0.497,16.9,34.6,0.299,0.484,16.0,65.9,0.246
1984,New York Knicks,106.9,103.0,107.0,103.1,0.552,0.499,16.7,33.4,0.284,0.491,17.8,68.1,0.281
1984,Milwaukee Bucks,105.7,101.5,107.8,103.6,0.541,0.497,15.0,33.7,0.25,0.459,14.7,65.6,0.266
1984,Washington Bullets,102.7,105.6,104.2,107.2,0.535,0.489,15.5,30.1,0.241,0.492,13.7,69.7,0.239
1984,Atlanta Hawks,101.5,102.8,105.5,106.9,0.529,0.476,14.4,31.6,0.27,0.482,15.1,65.2,0.268
1985,Denver Nuggets,120.0,117.6,110.7,108.4,0.54,0.491,13.2,33.6,0.253,0.516,17.0,66.1,0.275
1985,Los Angeles Lakers,118.2,110.9,114.1,107.0,0.589,0.551,15.7,33.8,0.235,0.485,13.7,67.1,0.22
1985,Detroit Pistons,116.0,113.5,109.6,107.2,0.529,0.483,13.0,35.4,0.223,0.501,14.9,69.6,0.245
1985,Portland Trail Blazers,115.5,112.1,110.4,107.1,0.554,0.506,14.8,33.9,0.271,0.497,15.9,64.5,0.232
1985,Boston Celtics,114.8,108.1,112.8,106.3,0.564,0.515,13.8,32.8,0.254,0.481,12.6,70.4,0.198
1985,San Antonio Spurs,114.8,113.9,109.9,109.0,0.565,0.517,15.6,33.2,0.272,0.501,15.0,68.5,0.269
1985,Philadelphia 76ers,112.9,108.8,111.3,107.3,0.561,0.497,16.0,37.4,0.331,0.494,15.7,66.6,0.259
1985,Houston Rockets,111.2,109.5,107.9,106.3,0.54,0.507,16.0,37.4,0.213,0.487,15.2,67.4,0.259
1985,Dallas Mavericks,111.2,109.0,111.5,109.3,0.549,0.499,12.5,30.7,0.253,0.51,14.2,68.8,0.221
1985,Milwaukee Bucks,110.9,104.0,110.5,103.6,0.545,0.497,14.2,35.4,0.258,0.467,16.1,65.6,0.29
1985,New Jersey Nets,109.5,109.2,107.9,107.7,0.532,0.493,13.8,33.9,0.219,0.505,15.6,68.2,0.263
1985,Utah Jazz,109.0,109.1,103.3,103.4,0.534,0.483,15.8,29.0,0.257,0.469,15.7,65.3,0.238
1985,Chicago Bulls,108.7,109.6,108.7,109.6,0.556,0.502,15.4,32.2,0.287,0.495,13.8,67.5,0.257
1985,Cleveland Cavaliers,108.6,111.3,106.0,108.7,0.526,0.478,14.1,32.9,0.254,0.483,13.7,66.9,0.265
1985,Phoenix Suns,108.0,110.1,104.7,106.8,0.544,0.497,16.3,29.8,0.246,0.498,15.0,68.3,0.24
1985,Washington Bullets,105.5,105.8,104.3,104.6,0.524,0.486,13.4,27.5,0.2,0.491,15.3,68.2,0.226
1986,Los Angeles Lakers,117.3,109.5,113.3,105.8,0.575,0.532,14.9,33.1,0.247,0.484,13.5,69.8,0.239
1986,Dallas Mavericks,115.3,114.2,112.1,111.0,0.562,0.51,13.3,30.0,0.283,0.508,13.0,66.8,0.201
1986,Portland Trail Blazers,115.1,114.0,109.2,108.2,0.554,0.501,15.2,32.8,0.294,0.507,16.4,66.3,0.275
1986,Denver Nuggets,114.8,113.5,107.1,105.9,0.527,0.475,13.0,30.9,0.245,0.495,16.9,64.1,0.266
1986,Milwaukee Bucks,114.5,105.5,111.4,102.7,0.552,0.501,13.9,33.8,0.282,0.473,16.6,67.4,0.281
1986,Houston Rockets,114.4,111.8,110.1,107.6,0.536,0.496,13.6,35.5,0.232,0.497,14.8,67.2,0.243
1986,Detroit Pistons,114.2,113.0,109.0,107.9,0.534,0.488,13.3,33.5,0.232,0.496,14.9,67.6,0.266
1986,Boston Celtics,114.1,104.7,111.8,102.6,0.564,0.518,14.1,31.3,0.244,0.466,13.0,71.7,0.216
1986,San Antonio Spurs,111.2,113.1,106.5,108.2,0.555,0.509,16.5,31.7,0.265,0.499,15.2,67.6,0.26
1986,Philadelphia 76ers,110.4,108.0,108.6,106.3,0.546,0.49,16.1,37.3,0.302,0.499,15.6,66.7,0.211
1986,Chicago Bulls,109.3,113.1,108.6,112.4,0.538,0.487,14.7,35.1,0.266,0.509,13.5,67.4,0.28
1986,New Jersey Nets,109.1,111.1,105.0,106.9,0.536,0.489,15.9,33.3,0.248,0.499,15.5,70.6,0.282
1986,Sacramento Kings,108.8,111.9,106.2,109.2,0.541,0.492,15.7,32.7,0.252,0.499,14.4,67.5,0.273
1986,Atlanta Hawks,108.6,106.2,107.9,105.6,0.542,0.493,15.3,34.9,0.282,0.481,15.4,66.7,0.269
1986,Utah Jazz,108.2,108.5,104.2,104.6,0.536,0.49,15.5,29.8,0.272,0.477,15.4,67.2,0.258
1986,Washington Bullets,103.0,104.8,103.0,104.8,0.518,0.471,14.2,29.1,0.238,0.472,14.2,66.1,0.224
1987,Portland Trail Blazers,117.9,114.8,111.5,108.6,0.566,0.51,15.3,34.1,0.313,0.493,14.8,66.6,0.265
1987,Los Angeles Lakers,117.8,108.5,115.6,106.5,0.577,0.528,14.0,34.1,0.278,0.476,13.8,66.3,0.23
1987,Dallas Mavericks,116.7,110.4,114.9,108.7,0.558,0.503,12.3,33.8,0.291,0.486,13.5,66.5,0.233
1987,Denver Nuggets,116.7,117.6,109.3,110.2,0.527,0.478,11.8,32.2,0.248,0.503,15.4,67.0,0.307
1987,Seattle SuperSonics,113.7,113.3,110.7,110.3,0.543,0.495,15.0,37.6,0.261,0.486,13.5,66.0,0.296
1987,Boston Celtics,112.6,106.0,113.5,106.8,0.577,0.532,14.0,29.0,0.247,0.471,12.0,67.6,0.217
1987,Golden State Warriors,112.0,114.4,108.9,111.2,0.539,0.487,13.7,32.5,0.266,0.503,14.2,65.3,0.272
1987,Detroit Pistons,111.2,107.8,109.2,105.8,0.544,0.492,14.5,34.7,0.275,0.471,13.3,69.9,0.267
1987,Milwaukee Bucks,110.4,106.5,109.5,105.6,0.539,0.487,13.0,31.1,0.268,0.479,16.0,66.1,0.307
1987,Atlanta Hawks,110.0,102.8,112.6,105.2,0.543,0.49,13.3,37.2,0.283,0.46,13.9,67.4,0.284
1987,Utah Jazz,107.9,107.5,104.1,103.7,0.516,0.473,14.1,31.2,0.231,0.466,15.7,65.2,0.269
1987,Houston Rockets,106.9,105.9,106.5,105.5,0.528,0.483,14.3,33.5,0.24,0.47,14.1,68.0,0.261
1987,Philadelphia 76ers,106.5,106.6,108.3,108.5,0.549,0.497,16.1,34.9,0.29,0.499,14.5,65.7,0.215
1987,Indiana Pacers,106.1,106.7,106.0,106.6,0.525,0.478,13.4,30.5,0.232,0.487,14.9,68.8,0.281
1987,Washington Bullets,106.0,107.3,105.7,107.0,0.511,0.457,13.3,34.5,0.262,0.48,14.6,63.4,0.222
1987,Chicago Bulls,104.8,103.9,108.6,107.6,0.528,0.478,13.4,35.0,0.245,0.491,13.8,70.0,0.251
1988,Denver Nuggets,116.7,112.7,110.1,106.3,0.534,0.486,11.7,29.7,0.231,0.498,16.0,67.4,0.26
1988,Portland Trail Blazers,116.1,111.5,111.8,107.4,0.55,0.499,13.5,34.3,0.279,0.485,14.5,68.4,0.275
1988,Boston Celtics,113.6,107.7,115.4,109.4,0.588,0.541,14.1,29.8,0.267,0.489,12.5,68.5,0.237
1988,San Antonio Spurs,113.6,118.5,108.2,112.8,0.54,0.499,14.1,32.0,0.234,0.512,14.0,64.4,0.242
1988,Los Angeles Lakers,112.8,107.0,113.1,107.3,0.566,0.515,13.9,32.3,0.276,0.484,13.0,67.9,0.206
1988,Seattle SuperSonics,111.4,109.3,110.2,108.1,0.536,0.491,13.9,36.3,0.245,0.495,15.9,67.2,0.33
1988,Dallas Mavericks,109.3,104.9,112.2,107.7,0.54,0.485,13.2,37.5,0.275,0.481,13.0,67.5,0.203
1988,Detroit Pistons,109.2,104.1,110.5,105.3,0.548,0.497,14.2,34.2,0.282,0.475,14.0,68.5,0.245
1988,Houston Rockets,109.0,107.6,107.1,105.7,0.529,0.476,13.9,33.1,0.263,0.473,14.2,66.7,0.243
1988,Utah Jazz,108.5,104.8,106.8,103.1,0.546,0.5,15.4,30.4,0.254,0.459,14.9,66.7,0.262
1988,Atlanta Hawks,107.9,104.3,111.3,107.6,0.541,0.491,13.0,34.3,0.264,0.481,14.2,67.3,0.28
1988,Milwaukee Bucks,106.1,105.5,108.2,107.6,0.536,0.485,13.6,31.8,0.259,0.483,14.2,66.6,0.259
1988,Washington Bullets,105.5,106.3,106.5,107.2,0.524,0.47,14.4,34.2,0.267,0.487,14.4,65.2,0.231
1988,New York Knicks,105.5,106.0,105.9,106.4,0.525,0.477,15.5,36.0,0.242,0.486,17.0,65.5,0.324
1988,Chicago Bulls,105.0,101.6,109.0,105.5,0.539,0.494,13.6,34.0,0.24,0.478,13.5,70.6,0.24
1988,Cleveland Cavaliers,104.5,103.7,106.8,106.0,0.547,0.5,15.5,31.0,0.268,0.485,15.2,66.4,0.227
1989,Phoenix Suns,118.6,110.9,113.1,105.7,0.56,0.509,12.8,30.8,0.272,0.476,13.5,67.7,0.225
1989,Denver Nuggets,118.0,116.3,108.6,107.1,0.528,0.482,11.8,29.6,0.224,0.505,15.6,68.9,0.264
1989,New York Knicks,116.7,112.9,111.1,107.5,0.553,0.512,15.4,36.2,0.234,0.504,16.7,65.1,0.249
1989,Golden State Warriors,116.6,116.9,107.4,107.7,0.529,0.48,14.2,33.4,0.239,0.479,14.6,64.1,0.24
1989,Los Angeles Lakers,114.7,107.5,113.8,106.7,0.57,0.518,14.0,33.0,0.282,0.482,13.0,68.9,0.205
1989,Portland Trail Blazers,114.6,113.1,109.4,108.0,0.53,0.488,13.9,36.7,0.23,0.501,15.7,67.4,0.264
1989,Seattle SuperSonics,112.1,109.2,111.5,108.6,0.539,0.496,14.1,38.3,0.237,0.498,16.0,65.3,0.271
1989,Philadelphia 76ers,111.9,110.4,113.0,111.5,0.552,0.5,12.8,32.2,0.274,0.513,13.4,67.2,0.215
1989,Atlanta Hawks,111.0,106.1,112.2,107.2,0.54,0.48,13.5,37.1,0.3,0.482,15.4,64.7,0.256
1989,Boston Celtics,109.2,108.1,110.8,109.6,0.548,0.498,14.0,34.7,0.258,0.493,12.7,70.0,0.248
1989,Milwaukee Bucks,108.9,105.3,110.1,106.4,0.544,0.487,13.7,32.7,0.273,0.493,16.1,67.5,0.266
1989,Cleveland Cavaliers,108.8,101.2,110.6,102.9,0.559,0.514,14.2,31.2,0.264,0.473,15.0,67.1,0.185
1989,Houston Rockets,108.5,107.5,105.7,104.8,0.535,0.486,15.9,33.3,0.265,0.481,14.9,69.0,0.248
1989,Detroit Pistons,106.6,100.8,110.8,104.7,0.551,0.502,14.4,34.5,0.266,0.458,13.2,69.2,0.26
1989,Chicago Bulls,106.4,105.0,109.1,107.7,0.553,0.507,14.4,30.7,0.238,0.487,13.5,69.5,0.239
1989,Utah Jazz,104.7,99.7,106.6,101.5,0.55,0.491,16.4,32.0,0.32,0.447,13.9,68.1,0.246
1990,Phoenix Suns,114.9,107.8,113.1,106.2,0.565,0.509,13.3,31.1,0.302,0.478,12.8,68.8,0.209
1990,Denver Nuggets,114.6,113.2,108.0,106.7,0.523,0.478,11.2,29.1,0.217,0.501,15.2,71.3,0.264
1990,Portland Trail Blazers,114.2,107.9,110.5,104.4,0.535,0.486,13.4,36.5,0.269,0.479,15.2,70.8,0.265
1990,Los Angeles Lakers,110.7,103.9,114.0,107.0,0.562,0.512,13.2,32.8,0.271,0.479,12.8,68.5,0.219
1990,Philadelphia 76ers,110.2,105.2,113.5,108.4,0.556,0.502,12.9,32.0,0.281,0.495,13.3,68.4,0.223
1990,Boston Celtics,110.0,106.0,112.0,107.9,0.557,0.506,13.4,31.5,0.251,0.477,10.8,72.1,0.223
1990,Chicago Bulls,109.5,106.2,112.3,109.0,0.559,0.516,13.4,31.9,0.235,0.508,15.2,68.1,0.262
1990,Indiana Pacers,109.3,109.1,111.5,111.4,0.572,0.518,14.6,29.0,0.28,0.494,12.6,67.1,0.25
1990,New York Knicks,108.3,106.9,109.4,108.0,0.547,0.501,14.8,34.2,0.25,0.482,13.3,66.0,0.215
1990,Utah Jazz,106.8,102.0,110.3,105.4,0.57,0.522,15.5,30.1,0.284,0.468,13.4,69.5,0.268
1990,Houston Rockets,106.7,105.3,104.8,103.4,0.531,0.491,15.5,33.1,0.225,0.475,14.7,69.2,0.228
1990,San Antonio Spurs,106.3,102.8,107.7,104.2,0.537,0.488,14.7,34.2,0.27,0.477,15.0,68.7,0.235
1990,Milwaukee Bucks,106.0,106.8,107.3,108.1,0.533,0.488,13.9,31.5,0.241,0.492,15.8,66.0,0.29
1990,Detroit Pistons,104.3,98.3,109.9,103.5,0.537,0.49,13.4,34.2,0.245,0.461,13.7,70.3,0.262
1990,Cleveland Cavaliers,102.6,102.9,106.9,107.2,0.529,0.485,13.5,31.5,0.235,0.49,14.0,67.7,0.202
1990,Dallas Mavericks,102.2,102.2,107.2,107.2,0.536,0.487,13.6,30.3,0.254,0.481,13.4,67.9,0.232
1991,Golden State Warriors,116.6,115.0,111.9,110.3,0.559,0.504,13.7,31.0,0.294,0.497,15.2,64.1,0.289
1991,Portland Trail Blazers,114.7,106.0,112.8,104.3,0.554,0.509,13.4,33.8,0.259,0.473,14.4,70.4,0.25
1991,Phoenix Suns,114.0,107.5,112.6,106.1,0.558,0.506,13.5,33.0,0.287,0.474,13.1,68.5,0.227
1991,Indiana Pacers,111.7,112.1,111.7,112.1,0.566,0.511,14.4,30.6,0.287,0.503,13.1,66.4,0.254
1991,Boston Celtics,111.5,105.7,112.6,106.7,0.565,0.52,14.0,33.0,0.228,0.465,11.7,69.3,0.217
1991,Chicago Bulls,110.0,101.0,114.6,105.2,0.56,0.521,12.8,34.7,0.225,0.488,15.3,68.8,0.226
1991,Atlanta Hawks,109.8,109.0,110.9,110.1,0.54,0.482,12.9,33.1,0.282,0.509,13.7,69.1,0.22
1991,San Antonio Spurs,107.1,102.6,107.8,103.3,0.544,0.494,15.2,33.3,0.269,0.463,13.2,70.3,0.228
1991,Houston Rockets,106.7,103.2,107.4,103.9,0.53,0.489,14.5,34.4,0.224,0.469,14.7,66.9,0.22
1991,Seattle SuperSonics,106.6,105.4,109.7,108.5,0.542,0.501,14.8,36.3,0.226,0.503,16.0,66.3,0.277
1991,Milwaukee Bucks,106.4,104.0,109.7,107.2,0.55,0.499,14.3,31.8,0.258,0.5,16.4,66.1,0.259
1991,Los Angeles Lakers,106.3,99.6,112.1,105.0,0.551,0.5,13.2,33.0,0.261,0.474,12.8,68.3,0.176
1991,Philadelphia 76ers,105.4,105.6,107.9,108.1,0.542,0.489,13.4,28.1,0.27,0.489,12.5,68.3,0.187
1991,Utah Jazz,104.0,100.7,108.6,105.1,0.559,0.503,14.6,27.6,0.298,0.473,13.7,69.2,0.23
1991,New York Knicks,103.1,103.3,107.1,107.3,0.544,0.498,15.1,31.1,0.242,0.489,13.4,68.5,0.205
1991,Detroit Pistons,100.1,96.8,108.2,104.6,0.523,0.474,13.1,34.7,0.245,0.464,12.8,71.0,0.248
1992,Golden State Warriors,118.7,114.8,113.6,109.9,0.568,0.524,13.6,31.8,0.262,0.499,14.9,64.2,0.256
1992,Indiana Pacers,112.2,110.3,111.7,109.9,0.566,0.518,14.7,31.8,0.264,0.483,12.8,67.4,0.27
1992,Phoenix Suns,112.1,106.2,112.1,106.2,0.556,0.508,13.1,31.7,0.258,0.471,13.0,67.7,0.223
1992,Portland Trail Blazers,111.4,104.1,111.4,104.2,0.541,0.495,13.6,35.6,0.253,0.471,14.3,69.9,0.251
1992,Chicago Bulls,109.9,99.5,115.5,104.5,0.556,0.518,11.8,35.1,0.221,0.476,14.1,69.3,0.219
1992,Cleveland Cavaliers,108.9,103.4,113.9,108.2,0.557,0.506,11.8,30.5,0.259,0.483,12.3,66.5,0.174
1992,Utah Jazz,108.3,101.9,112.2,105.6,0.557,0.504,13.7,32.7,0.286,0.475,13.0,68.9,0.214
1992,Boston Celtics,106.6,103.0,110.8,107.0,0.544,0.5,12.7,31.9,0.215,0.469,11.9,68.7,0.22
1992,Seattle SuperSonics,106.5,104.7,110.7,108.8,0.538,0.489,14.0,36.5,0.249,0.491,14.2,66.8,0.269
1992,New Jersey Nets,105.4,107.1,107.0,108.7,0.51,0.473,14.1,39.1,0.194,0.488,14.1,66.3,0.247
1992,Miami Heat,105.0,109.2,106.7,110.9,0.532,0.479,14.6,33.0,0.26,0.508,13.9,67.6,0.235
1992,San Antonio Spurs,104.0,100.6,107.5,104.1,0.528,0.485,13.9,34.2,0.233,0.469,13.5,69.8,0.224
1992,Los Angeles Clippers,102.9,101.9,105.8,104.7,0.524,0.483,13.6,31.6,0.226,0.475,14.9,67.5,0.244
1992,New York Knicks,101.6,97.7,108.3,104.2,0.531,0.491,13.7,34.6,0.216,0.471,14.0,71.1,0.248
1992,Los Angeles Lakers,100.4,101.5,107.7,108.9,0.516,0.465,12.0,32.7,0.25,0.493,13.8,64.0,0.187
1992,Detroit Pistons,98.9,96.9,107.5,105.3,0.52,0.477,13.5,34.9,0.228,0.468,12.5,68.5,0.204
1993,Phoenix Suns,113.4,106.7,113.3,106.7,0.566,0.521,14.2,33.0,0.27,0.496,13.9,69.2,0.206
1993,Charlotte Hornets,110.1,110.4,109.5,109.7,0.547,0.499,13.8,31.3,0.254,0.487,12.6,65.0,0.201
1993,Portland Trail Blazers,108.5,105.4,108.3,105.2,0.526,0.476,12.6,32.7,0.259,0.488,14.8,71.0,0.237
1993,Seattle SuperSonics,108.3,101.3,112.3,104.9,0.546,0.502,13.5,35.5,0.241,0.489,16.4,67.7,0.26
1993,Indiana Pacers,107.8,106.1,111.9,110.1,0.547,0.498,13.5,34.2,0.262,0.485,12.7,67.4,0.281
1993,Cleveland Cavaliers,107.7,101.3,112.7,106.0,0.565,0.518,12.5,28.1,0.247,0.482,13.1,69.1,0.185
1993,Atlanta Hawks,107.5,108.4,109.3,110.2,0.534,0.493,14.0,34.8,0.227,0.516,14.6,68.5,0.224
1993,Los Angeles Clippers,107.1,106.8,107.4,107.1,0.53,0.493,13.9,32.7,0.213,0.489,15.1,66.7,0.263
1993,Utah Jazz,106.2,104.0,109.6,107.4,0.55,0.498,13.8,31.0,0.279,0.487,13.9,68.7,0.25
1993,San Antonio Spurs,105.5,102.8,109.6,106.8,0.555,0.507,13.6,27.8,0.265,0.477,12.3,70.1,0.221
1993,Chicago Bulls,105.2,98.9,112.9,106.1,0.535,0.499,12.0,36.3,0.199,0.493,15.4,68.7,0.239
1993,Los Angeles Lakers,104.2,105.5,107.6,108.9,0.534,0.486,13.7,31.4,0.249,0.5,14.3,66.4,0.215
1993,Houston Rockets,104.0,99.8,109.6,105.2,0.557,0.515,14.5,30.0,0.235,0.474,13.4,68.5,0.201
1993,Boston Celtics,103.7,102.8,108.7,107.8,0.536,0.495,12.9,31.2,0.21,0.479,12.9,69.0,0.251
1993,New Jersey Nets,102.8,101.6,106.5,105.2,0.522,0.473,14.4,35.5,0.244,0.48,14.1,69.5,0.24
1993,New York Knicks,101.6,95.4,106.1,99.7,0.526,0.479,14.1,33.1,0.249,0.444,14.9,72.1,0.294
1994,Phoenix Suns,108.2,103.4,111.7,106.8,0.548,0.509,13.9,35.2,0.236,0.493,13.5,69.3,0.202
1994,Golden State Warriors,107.9,106.1,108.3,106.5,0.542,0.512,14.9,32.9,0.214,0.488,14.7,64.4,0.21
1994,Portland Trail Blazers,107.3,104.6,108.1,105.5,0.518,0.472,12.5,34.4,0.24,0.49,14.8,70.8,0.235
1994,Seattle SuperSonics,105.9,96.9,111.1,101.5,0.547,0.501,13.7,34.4,0.256,0.479,18.2,67.3,0.272
1994,Orlando Magic,105.7,101.8,110.8,106.7,0.547,0.514,14.4,33.8,0.231,0.479,13.3,66.3,0.214
1994,Miami Heat,103.4,100.7,109.5,106.7,0.538,0.488,14.3,35.3,0.253,0.479,14.5,69.1,0.284
1994,New Jersey Nets,103.2,101.0,107.2,104.9,0.515,0.461,12.7,34.0,0.267,0.475,13.5,69.1,0.212
1994,Utah Jazz,101.9,97.7,108.6,104.1,0.537,0.49,13.3,31.3,0.262,0.469,14.6,68.4,0.267
1994,Atlanta Hawks,101.4,96.2,107.2,101.7,0.523,0.48,13.6,34.6,0.221,0.475,16.0,67.7,0.185
1994,Cleveland Cavaliers,101.2,97.1,109.4,105.1,0.537,0.487,12.8,31.8,0.258,0.484,14.5,69.0,0.215
1994,Houston Rockets,101.1,96.8,105.9,101.4,0.545,0.507,15.0,27.6,0.218,0.458,13.3,69.7,0.192
1994,Indiana Pacers,101.0,97.5,107.8,104.2,0.547,0.5,16.0,34.4,0.27,0.471,14.9,68.0,0.267
1994,Denver Nuggets,100.3,98.8,103.9,102.3,0.524,0.478,15.3,32.2,0.256,0.453,13.4,69.6,0.252
1994,San Antonio Spurs,100.0,94.8,110.4,104.6,0.537,0.494,13.6,35.6,0.239,0.467,11.7,70.5,0.196
1994,New York Knicks,98.5,91.5,105.7,98.2,0.527,0.483,15.1,34.4,0.232,0.451,16.0,71.4,0.261
1994,Chicago Bulls,98.0,94.9,106.1,102.7,0.526,0.493,14.6,33.8,0.192,0.482,15.3,70.8,0.225
1995,Orlando Magic,110.9,103.8,115.1,107.8,0.569,0.539,14.0,34.0,0.239,0.49,13.3,68.4,0.22
1995,Phoenix Suns,110.6,106.8,114.5,110.4,0.567,0.524,12.7,29.7,0.255,0.515,14.0,69.8,0.228
1995,Seattle SuperSonics,110.4,102.2,114.8,106.3,0.575,0.527,14.1,32.6,0.288,0.492,16.1,68.7,0.278
1995,San Antonio Spurs,106.6,100.6,111.7,105.4,0.562,0.516,13.8,30.9,0.275,0.485,13.0,72.3,0.214
1995,Utah Jazz,106.4,98.4,114.3,105.7,0.587,0.535,14.8,29.1,0.306,0.496,15.5,72.5,0.292
1995,Los Angeles Lakers,105.1,105.3,109.1,109.4,0.539,0.5,13.4,31.3,0.215,0.5,14.8,64.4,0.224
1995,Houston Rockets,103.5,101.4,109.7,107.4,0.568,0.529,15.0,26.9,0.232,0.489,13.9,67.7,0.199
1995,Portland Trail Blazers,103.1,99.2,109.7,105.7,0.521,0.483,13.0,37.1,0.218,0.491,14.8,73.5,0.277
1995,Boston Celtics,102.8,104.7,108.6,110.6,0.537,0.491,14.3,33.1,0.249,0.512,13.6,68.6,0.235
1995,Chicago Bulls,101.5,96.7,109.5,104.3,0.546,0.509,14.5,32.9,0.224,0.488,16.7,68.2,0.263
1995,Denver Nuggets,101.3,100.5,109.1,108.2,0.556,0.511,15.6,32.0,0.263,0.487,13.2,70.2,0.257
1995,Charlotte Hornets,100.6,97.3,109.6,106.1,0.562,0.517,14.3,26.0,0.247,0.485,13.8,68.5,0.202
1995,Indiana Pacers,99.2,95.5,109.6,105.6,0.557,0.507,15.5,32.8,0.287,0.493,15.8,68.6,0.237
1995,New York Knicks,98.2,95.1,107.2,103.8,0.55,0.508,15.1,28.6,0.243,0.468,14.4,70.8,0.281
1995,Atlanta Hawks,96.6,95.3,106.6,105.2,0.525,0.487,13.9,31.6,0.211,0.495,15.6,68.4,0.215
1995,Cleveland Cavaliers,90.5,89.8,105.3,104.6,0.52,0.472,14.2,31.8,0.241,0.493,15.0,72.4,0.224
1996,Chicago Bulls,105.2,92.9,115.2,101.8,0.555,0.517,13.1,36.9,0.217,0.482,16.1,71.1,0.222
1996,Seattle SuperSonics,104.5,96.7,110.3,102.1,0.574,0.526,16.2,29.7,0.288,0.479,16.7,69.5,0.252
1996,Orlando Magic,104.5,99.0,112.9,106.9,0.562,0.529,13.2,29.0,0.232,0.491,14.0,68.8,0.223
1996,Phoenix Suns,104.3,104.0,110.3,110.0,0.551,0.498,13.5,29.8,0.286,0.511,13.3,71.4,0.225
1996,San Antonio Spurs,103.4,97.1,110.2,103.5,0.558,0.516,13.6,27.5,0.252,0.472,13.9,70.0,0.216
1996,Los Angeles Lakers,102.9,98.5,111.4,106.6,0.555,0.515,13.3,30.1,0.228,0.491,14.9,66.8,0.205
1996,Utah Jazz,102.5,95.9,113.3,106.1,0.566,0.517,14.1,31.6,0.276,0.489,15.1,71.7,0.295
1996,Houston Rockets,102.5,100.7,109.3,107.4,0.555,0.512,14.1,26.9,0.243,0.495,13.6,68.6,0.206
1996,Sacramento Kings,99.5,102.3,106.2,109.1,0.54,0.493,16.0,32.5,0.271,0.498,15.1,69.0,0.302
1996,Indiana Pacers,99.3,96.1,110.8,107.2,0.56,0.509,15.5,33.0,0.294,0.491,14.7,69.3,0.271
1996,Portland Trail Blazers,99.3,97.0,106.0,103.5,0.528,0.494,15.2,33.4,0.23,0.478,13.5,73.4,0.236
1996,Atlanta Hawks,98.3,97.1,109.4,108.0,0.534,0.49,14.0,34.0,0.229,0.512,16.3,67.1,0.217
1996,New York Knicks,97.2,94.9,106.0,103.5,0.55,0.509,14.9,25.5,0.232,0.476,14.8,71.1,0.251
1996,Miami Heat,96.5,95.0,105.3,103.8,0.541,0.501,16.0,30.1,0.245,0.469,14.8,71.8,0.298
1996,Detroit Pistons,95.4,92.9,107.9,105.1,0.551,0.504,14.6,28.0,0.271,0.483,13.7,71.7,0.229
1996,Cleveland Cavaliers,91.1,88.5,109.9,106.7,0.551,0.51,13.7,28.6,0.226,0.506,16.3,70.2,0.242
1997,Utah Jazz,103.1,94.3,113.6,104.0,0.581,0.53,14.7,29.7,0.299,0.48,15.5,71.6,0.29
1997,Chicago Bulls,103.1,92.3,114.4,102.4,0.547,0.511,12.5,35.9,0.199,0.471,14.8,69.3,0.196
1997,Phoenix Suns,102.8,102.2,109.3,108.6,0.552,0.508,13.4,27.1,0.241,0.507,14.4,69.4,0.215
1997,Seattle SuperSonics,100.9,93.2,111.2,102.7,0.557,0.51,14.2,30.9,0.269,0.49,17.7,69.1,0.242
1997,Houston Rockets,100.6,96.1,108.8,104.0,0.56,0.52,15.6,28.4,0.232,0.481,13.3,71.4,0.19
1997,Los Angeles Lakers,100.0,95.7,108.3,103.7,0.535,0.496,13.7,31.6,0.243,0.478,15.1,68.5,0.231
1997,Washington Bullets,99.4,97.7,106.6,104.9,0.54,0.505,14.6,30.2,0.21,0.491,15.3,70.3,0.226
1997,Portland Trail Blazers,99.0,94.8,107.9,103.3,0.544,0.503,15.4,32.5,0.249,0.471,14.3,72.4,0.268
1997,Charlotte Hornets,98.9,97.0,110.9,108.9,0.562,0.518,14.3,28.7,0.243,0.496,13.3,68.1,0.204
1997,Los Angeles Clippers,97.2,99.5,105.1,107.6,0.524,0.482,14.7,30.8,0.227,0.499,15.5,68.1,0.269
1997,Minnesota Timberwolves,96.1,97.6,105.5,107.1,0.533,0.485,14.4,28.8,0.254,0.486,14.6,68.3,0.252
1997,New York Knicks,95.4,92.2,104.4,101.0,0.546,0.501,17.0,30.5,0.255,0.463,15.4,73.4,0.279
1997,Miami Heat,94.8,89.3,106.8,100.6,0.546,0.507,15.5,29.2,0.233,0.465,15.6,70.6,0.248
1997,Atlanta Hawks,94.8,89.4,108.5,102.3,0.542,0.498,14.6,31.5,0.236,0.472,15.0,69.2,0.191
1997,Detroit Pistons,94.2,88.9,110.6,104.4,0.554,0.512,13.0,27.5,0.244,0.487,14.6,70.4,0.197
1997,Orlando Magic,94.1,94.5,105.6,106.0,0.524,0.481,14.5,30.9,0.227,0.495,15.3,67.3,0.211
1998,Los Angeles Lakers,105.5,97.8,111.9,103.7,0.559,0.519,14.0,31.6,0.285,0.467,14.1,68.8,0.245
1998,Minnesota Timberwolves,101.1,100.4,107.8,107.1,0.529,0.483,12.7,30.6,0.244,0.48,13.5,68.5,0.24
1998,Utah Jazz,101.0,94.4,112.7,105.4,0.569,0.51,14.8,32.3,0.334,0.471,13.5,71.0,0.271
1998,Seattle SuperSonics,100.6,93.4,111.6,103.6,0.558,0.521,13.4,28.7,0.236,0.478,15.9,66.1,0.223
1998,Phoenix Suns,99.6,94.4,107.4,101.8,0.54,0.5,14.0,29.7,0.217,0.471,15.3,70.0,0.227
1998,New Jersey Nets,99.6,98.1,108.3,106.6,0.513,0.463,12.9,36.7,0.253,0.499,16.7,66.4,0.258
1998,Houston Rockets,98.8,99.5,107.7,108.6,0.544,0.496,14.8,29.8,0.251,0.499,13.3,69.3,0.208
1998,Chicago Bulls,96.7,89.6,107.7,99.8,0.516,0.473,13.3,35.7,0.219,0.457,14.7,70.6,0.22
1998,Charlotte Hornets,96.6,94.6,107.5,105.3,0.542,0.495,14.6,30.4,0.259,0.493,14.6,70.8,0.224
1998,Indiana Pacers,96.0,89.9,108.4,101.5,0.55,0.502,14.0,27.9,0.262,0.453,14.4,67.8,0.236
1998,Atlanta Hawks,95.9,92.3,108.2,104.3,0.533,0.481,14.1,33.9,0.275,0.468,13.0,69.1,0.194
1998,Miami Heat,95.0,90.0,107.6,102.0,0.538,0.494,14.5,31.5,0.243,0.452,14.2,69.6,0.257
1998,Portland Trail Blazers,94.3,92.9,104.0,102.4,0.524,0.476,15.8,33.0,0.256,0.46,13.4,71.4,0.249
1998,San Antonio Spurs,92.5,88.5,103.8,99.4,0.531,0.493,15.6,30.6,0.241,0.437,12.2,72.2,0.218
1998,Cleveland Cavaliers,92.5,89.8,102.1,99.1,0.529,0.478,16.5,30.0,0.266,0.46,16.8,71.1,0.264
1998,New York Knicks,91.6,89.1,103.0,100.3,0.521,0.476,14.7,29.5,0.218,0.455,14.7,74.0,0.282
1999,Sacramento Kings,100.2,100.6,102.7,103.1,0.514,0.479,14.7,30.6,0.205,0.471,13.7,67.7,0.176
1999,Los Angeles Lakers,99.0,96.0,107.6,104.3,0.538,0.498,14.1,30.6,0.261,0.468,13.3,70.2,0.267
1999,Phoenix Suns,95.6,93.3,105.8,103.3,0.526,0.481,13.0,28.4,0.231,0.485,15.4,69.8,0.216
1999,Portland Trail Blazers,94.8,88.5,104.8,97.7,0.521,0.473,14.5,31.8,0.253,0.445,14.9,71.8,0.233
1999,Indiana Pacers,94.7,90.9,108.7,104.4,0.537,0.486,12.8,28.7,0.253,0.46,12.7,69.9,0.236
1999,Houston Rockets,94.2,91.9,105.4,102.9,0.545,0.506,15.8,27.8,0.228,0.461,12.4,69.9,0.188
1999,Utah Jazz,93.3,86.8,105.8,98.4,0.545,0.485,16.0,30.0,0.32,0.441,14.4,70.4,0.242
1999,Minnesota Timberwolves,92.9,92.6,101.9,101.5,0.481,0.439,11.7,32.5,0.196,0.467,15.8,70.2,0.276
1999,San Antonio Spurs,92.8,84.7,104.0,95.0,0.523,0.479,14.6,30.4,0.259,0.423,13.8,69.5,0.198
1999,Milwaukee Bucks,91.7,90.0,104.9,103.0,0.53,0.489,14.3,29.0,0.222,0.463,16.0,67.6,0.275
1999,Detroit Pistons,90.4,86.9,104.2,100.3,0.528,0.48,15.6,30.5,0.256,0.468,15.4,72.0,0.259
1999,Philadelphia 76ers,89.7,87.6,99.9,97.6,0.494,0.439,15.3,34.2,0.276,0.454,17.1,69.8,0.249
1999,Orlando Magic,89.5,86.9,100.3,97.4,0.498,0.456,15.4,32.6,0.222,0.473,16.7,70.8,0.181
1999,Miami Heat,89.0,84.0,104.7,98.9,0.54,0.494,15.3,27.3,0.26,0.439,13.6,71.0,0.226
1999,New York Knicks,86.4,85.4,98.6,97.5,0.509,0.463,15.9,27.9,0.241,0.434,14.9,71.0,0.258
1999,Atlanta Hawks,86.3,83.4,100.5,97.1,0.492,0.436,14.5,33.1,0.277,0.437,13.4,72.1,0.202
2000,Sacramento Kings,105.0,102.0,105.0,102.1,0.526,0.486,13.9,27.7,0.209,0.479,15.1,69.7,0.198
2000,Detroit Pistons,103.5,102.0,107.3,105.8,0.548,0.492,14.3,26.8,0.295,0.499,15.4,71.6,0.249
2000,Indiana Pacers,101.3,96.7,108.5,103.6,0.552,0.503,13.3,24.9,0.245,0.469,12.6,71.5,0.197
2000,Milwaukee Bucks,101.2,101.0,108.2,107.9,0.539,0.494,13.8,30.0,0.228,0.496,14.6,69.6,0.254
2000,Los Angeles Lakers,100.8,92.3,107.3,98.2,0.525,0.484,12.7,30.6,0.241,0.443,13.4,73.1,0.222
2000,Seattle SuperSonics,99.1,98.1,105.6,104.6,0.52,0.487,12.9,28.5,0.196,0.483,14.0,69.6,0.193
2000,Phoenix Suns,98.9,93.7,104.6,99.0,0.532,0.491,15.2,29.3,0.217,0.454,15.7,70.5,0.245
2000,Minnesota Timberwolves,98.5,96.0,106.1,103.4,0.525,0.485,12.9,29.4,0.2,0.474,14.0,73.0,0.25
2000,Charlotte Hornets,98.4,95.8,104.3,101.4,0.53,0.475,13.7,25.7,0.285,0.478,14.6,73.2,0.198
2000,Portland Trail Blazers,97.5,91.0,107.9,100.8,0.546,0.501,14.5,30.3,0.24,0.461,13.8,72.4,0.217
2000,Toronto Raptors,97.2,97.3,104.7,104.9,0.511,0.464,12.7,30.1,0.23,0.48,14.2,71.8,0.247
2000,Utah Jazz,96.5,92.0,107.3,102.3,0.54,0.49,14.3,29.5,0.26,0.477,15.0,73.2,0.256
2000,San Antonio Spurs,96.2,90.2,105.0,98.6,0.535,0.488,14.3,27.8,0.258,0.451,13.5,73.0,0.188
2000,Philadelphia 76ers,94.8,93.4,101.5,100.0,0.501,0.457,14.2,31.4,0.233,0.466,16.2,69.9,0.229
2000,Miami Heat,94.4,91.3,104.5,101.0,0.533,0.495,14.5,28.2,0.208,0.453,13.3,72.9,0.229
2000,New York Knicks,92.1,90.7,102.5,100.9,0.527,0.482,14.4,24.7,0.221,0.455,13.6,73.1,0.251
2001,Sacramento Kings,101.7,95.9,105.6,99.6,0.529,0.484,13.4,27.2,0.23,0.46,14.5,70.7,0.181
2001,Milwaukee Bucks,100.7,96.9,108.8,104.6,0.542,0.499,12.8,28.1,0.217,0.473,14.4,71.1,0.253
2001,Los Angeles Lakers,100.6,97.2,108.4,104.8,0.535,0.498,13.3,31.1,0.238,0.468,12.2,72.5,0.234
2001,Dallas Mavericks,100.5,96.2,107.1,102.6,0.544,0.498,13.1,24.1,0.231,0.467,14.2,70.7,0.244
2001,Toronto Raptors,97.6,95.4,105.9,103.4,0.51,0.468,12.1,30.8,0.213,0.476,13.3,73.2,0.212
2001,Orlando Magic,97.5,96.5,103.2,102.1,0.513,0.474,13.8,29.1,0.215,0.464,15.6,69.8,0.29
2001,Minnesota Timberwolves,97.3,96.0,105.2,103.7,0.523,0.482,13.0,28.6,0.199,0.478,14.2,71.9,0.238
2001,Utah Jazz,97.1,92.4,107.6,102.4,0.546,0.497,15.1,30.2,0.273,0.473,15.6,73.2,0.301
2001,San Antonio Spurs,96.2,88.4,106.6,98.0,0.541,0.496,13.6,27.1,0.267,0.444,12.9,73.7,0.182
2001,Portland Trail Blazers,95.4,91.2,106.5,101.8,0.539,0.497,14.8,30.0,0.225,0.47,14.3,72.4,0.223
2001,Philadelphia 76ers,94.7,90.4,103.6,98.9,0.518,0.468,14.7,31.2,0.262,0.46,14.5,72.5,0.186
2001,Phoenix Suns,94.0,91.8,100.3,98.0,0.506,0.46,14.1,27.3,0.221,0.46,16.3,73.7,0.252
2001,Indiana Pacers,92.6,92.8,102.0,102.2,0.519,0.471,14.5,27.0,0.239,0.452,12.8,71.4,0.235
2001,Charlotte Hornets,91.9,89.8,101.8,99.5,0.506,0.457,13.7,29.8,0.246,0.456,14.1,74.5,0.222
2001,Miami Heat,88.9,86.6,101.1,98.5,0.515,0.469,13.7,24.3,0.227,0.46,15.3,72.7,0.214
2001,New York Knicks,88.7,86.1,101.2,98.2,0.523,0.476,14.6,24.2,0.222,0.453,14.7,74.3,0.24
2002,Dallas Mavericks,105.2,101.0,112.2,107.7,0.553,0.507,11.3,26.1,0.232,0.485,12.9,70.7,0.239
2002,Sacramento Kings,104.6,97.0,109.0,101.1,0.539,0.497,12.4,27.9,0.231,0.467,13.6,71.7,0.185
2002,Los Angeles Lakers,101.3,94.1,109.4,101.7,0.534,0.498,11.8,28.8,0.218,0.453,13.0,72.0,0.233
2002,Orlando Magic,100.5,98.9,107.0,105.3,0.533,0.493,12.6,26.3,0.21,0.486,14.4,69.2,0.215
2002,Minnesota Timberwolves,99.3,96.0,109.0,105.3,0.532,0.49,12.5,31.3,0.203,0.482,12.7,73.7,0.218
2002,Seattle SuperSonics,97.7,94.7,108.9,105.6,0.54,0.505,13.2,29.4,0.189,0.485,14.5,68.1,0.206
2002,Indiana Pacers,96.8,96.5,104.1,103.8,0.527,0.477,14.2,27.0,0.253,0.469,13.2,71.0,0.227
2002,San Antonio Spurs,96.7,90.5,106.5,99.7,0.539,0.492,13.8,27.2,0.262,0.453,13.7,71.9,0.189
2002,Portland Trail Blazers,96.6,93.7,107.4,104.0,0.528,0.485,13.5,31.8,0.218,0.489,14.2,73.3,0.202
2002,Boston Celtics,96.4,94.1,103.4,101.0,0.52,0.476,12.8,24.1,0.223,0.464,15.1,72.9,0.245
2002,New Jersey Nets,96.2,92.0,104.0,99.5,0.515,0.476,13.4,29.2,0.206,0.459,14.9,71.6,0.213
2002,Utah Jazz,96.0,95.1,105.6,104.6,0.529,0.472,15.4,33.5,0.291,0.484,15.9,71.7,0.286
2002,Detroit Pistons,94.3,92.2,104.8,102.4,0.54,0.497,14.3,24.4,0.235,0.474,14.8,70.5,0.206
2002,Charlotte Hornets,93.9,92.9,104.3,103.3,0.513,0.466,13.3,30.6,0.238,0.465,13.3,72.2,0.226
2002,Toronto Raptors,91.4,91.8,102.6,103.1,0.501,0.463,13.6,31.4,0.189,0.471,14.7,70.1,0.237
2002,Philadelphia 76ers,91.0,89.4,102.1,100.3,0.507,0.452,14.6,31.7,0.255,0.46,14.2,72.1,0.208
2003,Dallas Mavericks,103.0,95.2,110.7,102.3,0.543,0.498,10.9,25.4,0.213,0.473,14.8,70.9,0.221
2003,Sacramento Kings,101.7,95.2,105.9,99.1,0.535,0.499,13.3,25.6,0.196,0.446,13.6,70.6,0.204
2003,Los Angeles Lakers,100.4,98.0,107.2,104.7,0.528,0.486,13.3,30.2,0.228,0.477,13.4,72.7,0.241
2003,Milwaukee Bucks,99.5,99.3,108.8,108.6,0.543,0.5,12.2,25.6,0.222,0.494,13.5,69.9,0.237
2003,Orlando Magic,98.5,98.4,105.2,105.0,0.526,0.478,13.3,27.0,0.239,0.486,15.1,71.1,0.25
2003,Minnesota Timberwolves,98.1,96.0,106.1,103.8,0.528,0.488,12.9,28.2,0.206,0.472,12.7,72.9,0.203
2003,Philadelphia 76ers,96.8,94.5,105.0,102.5,0.52,0.466,13.7,30.3,0.263,0.488,16.2,72.7,0.243
2003,Indiana Pacers,96.8,93.3,104.6,100.8,0.522,0.469,13.7,29.0,0.263,0.458,14.3,72.3,0.228
2003,San Antonio Spurs,95.8,90.4,105.6,99.7,0.541,0.497,15.1,28.8,0.253,0.453,14.2,71.3,0.199
2003,Phoenix Suns,95.5,94.4,103.7,102.5,0.514,0.473,13.7,29.7,0.211,0.47,14.8,70.3,0.222
2003,New Jersey Nets,95.4,90.1,103.8,98.1,0.518,0.468,13.8,28.7,0.252,0.46,15.7,73.1,0.225
2003,Portland Trail Blazers,95.2,92.5,105.5,102.6,0.531,0.489,14.5,30.2,0.223,0.483,14.9,72.3,0.194
2003,Utah Jazz,94.7,92.3,105.5,102.8,0.537,0.486,16.0,32.5,0.283,0.468,15.2,70.2,0.256
2003,New Orleans Hornets,93.9,91.8,103.9,101.6,0.511,0.465,13.9,31.7,0.219,0.464,14.0,73.1,0.226
2003,Boston Celtics,92.7,93.1,101.2,101.6,0.514,0.47,13.4,23.6,0.227,0.471,15.1,72.5,0.242
2003,Detroit Pistons,91.4,87.7,104.1,99.9,0.523,0.473,13.3,25.9,0.248,0.461,13.9,74.0,0.225
2004,Dallas Mavericks,105.2,100.8,112.1,107.4,0.536,0.495,11.1,31.4,0.204,0.498,13.9,71.6,0.214
2004,Sacramento Kings,102.8,97.8,110.3,104.9,0.554,0.507,13.0,26.0,0.242,0.483,13.7,69.8,0.193
2004,Los Angeles Lakers,98.2,94.3,105.5,101.3,0.522,0.481,12.8,28.1,0.244,0.471,14.3,73.3,0.222
2004,Milwaukee Bucks,98.0,97.0,106.5,105.4,0.528,0.477,12.7,27.6,0.255,0.485,13.3,71.8,0.213
2004,Denver Nuggets,97.2,96.1,103.9,102.7,0.517,0.467,14.2,30.5,0.245,0.481,15.6,69.3,0.221
2004,Memphis Grizzlies,96.7,94.3,104.8,102.2,0.522,0.479,13.9,29.5,0.234,0.465,15.7,68.4,0.251
2004,Boston Celtics,95.3,96.7,102.1,103.7,0.532,0.486,15.4,25.2,0.245,0.479,15.7,69.5,0.24
2004,Minnesota Timberwolves,94.5,89.1,105.9,99.7,0.528,0.486,12.4,26.7,0.207,0.444,12.9,72.5,0.215
2004,New York Knicks,92.0,93.5,101.7,103.3,0.518,0.474,15.1,28.0,0.211,0.461,13.2,72.8,0.259
2004,New Orleans Hornets,91.8,91.9,102.3,102.4,0.505,0.46,14.1,30.6,0.22,0.476,15.0,71.3,0.218
2004,San Antonio Spurs,91.5,84.3,102.2,94.1,0.511,0.473,14.1,29.5,0.219,0.433,14.8,74.6,0.215
2004,Indiana Pacers,91.4,85.6,103.8,97.2,0.52,0.471,14.1,28.5,0.243,0.459,15.7,73.9,0.218
2004,New Jersey Nets,90.3,87.8,100.8,98.0,0.515,0.471,14.4,25.9,0.219,0.46,15.7,73.9,0.221
2004,Miami Heat,90.3,89.7,102.2,101.7,0.51,0.463,13.5,27.4,0.227,0.463,14.5,73.4,0.26
2004,Detroit Pistons,90.1,84.3,102.0,95.4,0.511,0.461,14.7,30.1,0.247,0.441,15.5,71.8,0.202
2004,Houston Rockets,89.8,88.0,100.9,99.0,0.528,0.484,16.4,26.5,0.221,0.447,13.1,74.5,0.233
2005,Phoenix Suns,110.4,103.3,114.5,107.1,.571,.534,12.4,27.5,.222,.478,12.0,68.3,.176
2005,Sacramento Kings,103.7,101.6,110.5,108.2,.541,.496,12.0,28.8,.226,.493,13.3,69.0,.214
2005,Dallas Mavericks,102.5,96.8,110.3,104.1,.545,.492,12.5,28.6,.273,.472,14.3,70.2,.239
2005,Miami Heat,101.5,95.0,110.2,103.1,.559,.524,13.1,27.0,.260,.460,12.4,74.1,.242
2005,Boston Celtics,101.3,100.4,107.5,106.6,.551,.501,14.7,27.2,.273,.481,14.2,70.1,.274
2005,Washington Wizards,100.5,100.8,107.2,107.5,.523,.474,12.9,31.1,.264,.498,14.6,70.0,.230
2005,Denver Nuggets,99.5,97.5,106.0,103.9,.535,.483,13.8,28.4,.267,.482,15.1,71.7,.247
2005,Philadelphia 76ers,99.1,99.9,103.5,104.3,.528,.475,14.2,25.4,.257,.485,15.4,72.7,.267
2005,Seattle SuperSonics,98.9,96.6,112.2,109.6,.546,.495,13.0,32.4,.259,.496,12.9,71.3,.249
2005,San Antonio Spurs,96.2,88.4,107.5,98.8,.534,.492,13.2,29.1,.238,.452,14.7,73.6,.236
2005,Houston Rockets,95.1,91.0,106.2,101.7,.534,.486,13.5,26.3,.242,.459,12.9,74.5,.245
2005,Chicago Bulls,94.5,93.4,101.4,100.3,.517,.471,15.5,28.4,.233,.454,14.4,72.6,.262
2005,Memphis Grizzlies,93.4,91.1,105.5,102.9,.535,.489,14.3,27.1,.243,.466,15.4,69.9,.270
2005,Detroit Pistons,93.3,89.5,105.6,101.2,.519,.472,13.3,31.2,.247,.461,13.5,73.0,.207
2005,Indiana Pacers,93.0,92.2,105.5,104.6,.534,.476,14.1,26.4,.283,.472,13.6,71.3,.261
2005,New Jersey Nets,91.4,92.9,101.4,103.1,.512,.463,13.7,25.5,.242,.479,15.2,73.2,.278
2006,Phoenix Suns,108.4,102.8,111.5,105.8,.568,.537,12.2,22.1,.166,.490,13.2,72.1,.200
2006,Washington Wizards,101.7,99.8,109.3,107.3,.538,.484,12.8,29.5,.284,.504,15.1,70.9,.256
2006,Denver Nuggets,100.3,100.1,105.5,105.2,.535,.488,13.7,26.8,.258,.493,14.7,72.0,.227
2006,Miami Heat,99.9,96.0,108.7,104.5,.556,.517,13.9,26.7,.254,.477,12.4,76.4,.251
2006,Los Angeles Lakers,99.4,96.9,108.4,105.7,.539,.495,13.1,28.8,.245,.486,13.4,73.6,.242
2006,Dallas Mavericks,99.1,93.1,111.8,105.0,.550,.495,13.1,31.8,.285,.475,13.7,72.2,.257
2006,Sacramento Kings,98.9,97.3,106.7,105.0,.544,.492,13.9,25.4,.262,.488,13.7,72.2,.210
2006,Milwaukee Bucks,97.8,98.8,106.3,107.4,.535,.492,13.8,27.3,.238,.504,13.8,74.6,.262
2006,Chicago Bulls,97.8,97.2,104.0,103.4,.527,.487,13.9,26.3,.216,.464,13.9,74.7,.295
2006,Cleveland Cavaliers,97.6,95.4,107.8,105.4,.538,.492,13.3,28.4,.263,.490,12.8,75.7,.226
2006,Los Angeles Clippers,97.2,95.6,105.3,103.6,.540,.487,13.8,25.4,.263,.471,12.2,75.9,.240
2006,Detroit Pistons,96.8,90.2,110.8,103.1,.535,.497,11.2,28.9,.216,.477,13.7,71.2,.191
2006,San Antonio Spurs,95.6,88.8,107.3,99.6,.546,.513,13.6,26.0,.209,.457,13.5,74.2,.220
2006,Indiana Pacers,93.9,92.0,104.5,102.4,.533,.487,14.8,27.1,.254,.464,13.0,72.6,.232
2006,New Jersey Nets,93.8,92.4,103.9,102.4,.528,.478,13.3,24.0,.262,.476,14.0,76.3,.266
2006,Memphis Grizzlies,92.2,88.5,105.9,101.6,.537,.496,13.9,25.8,.241,.469,14.7,72.0,.237
2007,Phoenix Suns,110.2,102.9,113.9,106.4,.590,.551,13.4,22.7,.215,.492,13.6,71.9,.206
2007,Golden State Warriors,106.5,106.9,107.0,107.4,.548,.512,14.1,25.6,.215,.506,16.1,69.6,.264
2007,Denver Nuggets,105.4,103.7,107.6,105.9,.548,.501,14.6,28.9,.268,.499,14.5,71.8,.203
2007,Washington Wizards,104.3,104.9,110.1,110.6,.542,.491,12.6,28.1,.272,.517,14.4,71.0,.249
2007,Los Angeles Lakers,103.3,103.4,108.6,108.6,.554,.511,14.3,26.1,.249,.500,13.5,72.3,.262
2007,Utah Jazz,101.5,98.6,110.1,107.0,.551,.502,14.5,31.7,.283,.496,14.4,75.1,.314
2007,Dallas Mavericks,100.0,92.8,111.3,103.2,.559,.509,13.4,28.7,.256,.477,14.2,75.0,.265
2007,Toronto Raptors,99.5,98.5,107.0,106.0,.550,.504,13.0,22.2,.239,.503,14.3,74.5,.219
2007,Chicago Bulls,98.8,93.8,104.9,99.6,.534,.493,14.7,28.6,.229,.473,16.2,74.3,.252
2007,San Antonio Spurs,98.5,90.1,109.2,99.9,.561,.521,13.6,24.2,.235,.471,14.0,75.7,.201
2007,New Jersey Nets,97.6,98.3,105.7,106.6,.546,.504,14.2,24.6,.245,.490,13.7,74.4,.266
2007,Houston Rockets,97.0,92.1,106.0,100.7,.540,.499,13.6,25.7,.220,.466,13.6,77.0,.230
2007,Cleveland Cavaliers,96.8,92.9,105.5,101.3,.522,.484,13.4,29.7,.223,.480,14.7,75.8,.243
2007,Detroit Pistons,96.0,91.8,108.9,104.2,.535,.488,12.0,28.3,.237,.477,14.3,70.9,.234
2007,Orlando Magic,94.8,94.0,104.9,104.1,.544,.500,16.3,29.3,.276,.480,14.6,73.7,.286
2007,Miami Heat,94.6,95.5,104.3,105.3,.541,.506,14.3,24.9,.222,.485,13.8,73.3,.232
2008,Denver Nuggets,110.7,107.0,110.0,106.3,.557,.510,12.9,25.5,.269,.499,14.1,72.1,.203
2008,Phoenix Suns,110.1,105.0,113.3,108.1,.590,.551,13.4,22.4,.228,.488,11.8,70.9,.191
2008,Los Angeles Lakers,108.6,101.3,113.0,105.5,.570,.525,12.9,26.3,.256,.485,12.9,73.4,.214
2008,Utah Jazz,106.2,99.3,113.8,106.5,.573,.528,13.6,29.5,.265,.501,15.0,74.1,.294
2008,Orlando Magic,104.5,99.0,111.3,105.5,.575,.537,13.6,23.4,.256,.484,12.3,74.8,.217
2008,New Orleans Hornets,100.9,95.6,111.5,105.7,.548,.512,11.4,27.0,.193,.501,13.5,75.4,.184
2008,Boston Celtics,100.5,90.3,110.2,98.9,.569,.522,14.7,26.6,.267,.457,15.2,74.4,.253
2008,Dallas Mavericks,100.4,95.9,111.1,106.1,.554,.502,12.3,26.7,.259,.474,11.7,75.0,.252
2008,Toronto Raptors,100.2,97.3,110.2,107.0,.551,.511,11.4,23.4,.200,.505,13.5,75.0,.205
2008,Washington Wizards,98.8,99.2,109.2,109.6,.535,.489,12.5,28.9,.233,.513,13.5,72.8,.217
2008,Atlanta Hawks,98.2,100.0,106.9,108.9,.535,.483,14.0,29.7,.263,.501,12.9,71.7,.217
2008,Detroit Pistons,97.5,90.1,111.4,102.9,.539,.495,11.4,29.4,.230,.470,13.4,73.7,.244
2008,Houston Rockets,96.7,92.0,106.8,101.6,.528,.492,13.0,29.1,.200,.465,12.8,74.8,.214
2008,Philadelphia 76ers,96.6,96.2,106.4,106.0,.522,.482,13.4,31.8,.227,.504,15.1,72.0,.205
2008,Cleveland Cavaliers,96.4,96.7,106.0,106.4,.520,.480,13.1,30.4,.221,.494,12.9,75.9,.240
2008,San Antonio Spurs,95.4,90.6,107.2,101.8,.543,.504,12.6,23.4,.210,.477,12.8,77.1,.201
2009,Los Angeles Lakers,106.9,99.3,112.8,104.7,.555,.513,12.3,29.4,.230,.490,14.2,73.0,.213
2009,Denver Nuggets,104.3,100.9,110.4,106.8,.563,.512,14.2,27.5,.290,.485,14.1,71.7,.259
2009,Utah Jazz,103.6,100.9,110.1,107.3,.554,.504,13.6,28.2,.274,.505,15.0,72.7,.262
2009,Chicago Bulls,102.2,102.5,108.4,108.7,.541,.493,13.3,28.0,.239,.493,13.1,70.9,.238
2009,Dallas Mavericks,101.7,99.8,110.5,108.4,.550,.504,12.1,26.6,.224,.493,12.3,74.6,.225
2009,Orlando Magic,101.0,94.4,109.2,101.9,.559,.520,13.4,24.0,.251,.465,12.3,75.9,.209
2009,Boston Celtics,100.9,93.4,110.5,102.3,.571,.528,15.0,27.9,.251,.470,14.0,75.6,.253
2009,Cleveland Cavaliers,100.3,91.4,112.4,102.4,.560,.519,12.5,27.7,.236,.468,13.5,74.6,.226
2009,Portland Trail Blazers,99.4,94.1,113.9,107.8,.553,.511,12.5,32.6,.234,.499,13.2,75.0,.227
2009,Houston Rockets,98.4,94.4,108.4,104.0,.548,.501,13.6,26.4,.235,.479,11.9,75.3,.192
2009,Miami Heat,98.3,98.0,107.8,107.6,.540,.500,12.1,24.6,.212,.501,14.5,72.9,.251
2009,Atlanta Hawks,98.1,96.5,109.3,107.6,.546,.504,12.5,26.0,.238,.494,13.2,71.6,.210
2009,Philadelphia 76ers,97.4,97.3,107.9,107.8,.532,.485,13.4,31.3,.253,.507,14.9,71.4,.216
2009,San Antonio Spurs,97.0,93.3,108.5,104.3,.548,.513,11.7,22.1,.191,.487,11.7,78.0,.191
2009,New Orleans Hornets,95.8,94.3,108.7,107.0,.548,.501,12.5,24.6,.232,.496,13.2,74.9,.230
2009,Detroit Pistons,94.2,94.7,107.4,108.0,.524,.483,11.7,27.9,.212,.485,11.7,74.0,.248
2010,Phoenix Suns,110.2,105.3,115.3,110.2,.585,.546,13.6,27.6,.240,.491,11.6,70.8,.224
2010,Denver Nuggets,106.5,102.4,111.8,107.5,.561,.509,12.7,26.1,.290,.495,13.8,72.4,.251
2010,Utah Jazz,104.2,98.9,110.7,105.0,.565,.524,14.2,26.8,.252,.492,14.2,75.6,.269
2010,Orlando Magic,102.8,95.3,111.4,103.3,.573,.536,13.6,24.6,.246,.477,12.2,77.4,.205
2010,Cleveland Cavaliers,102.1,95.6,111.2,104.1,.570,.532,13.4,25.1,.246,.482,12.3,77.2,.218
2010,Dallas Mavericks,102.0,99.3,109.2,106.3,.552,.506,12.3,24.3,.226,.495,13.6,73.7,.206
2010,Los Angeles Lakers,101.7,97.0,108.8,103.7,.538,.496,12.4,27.6,.221,.484,13.2,74.4,.195
2010,Atlanta Hawks,101.7,97.0,111.9,106.7,.545,.506,11.4,28.2,.213,.496,13.2,72.7,.208
2010,Oklahoma City Thunder,101.5,98.0,108.3,104.6,.547,.494,13.9,28.6,.268,.483,14.0,73.6,.229
2010,San Antonio Spurs,101.4,96.3,110.0,104.5,.552,.515,12.9,26.8,.219,.483,12.1,76.3,.214
2010,Boston Celtics,99.2,95.6,107.7,103.8,.564,.522,14.5,22.8,.248,.487,14.9,73.8,.251
2010,Portland Trail Blazers,98.1,94.8,110.8,107.1,.547,.499,12.1,28.2,.249,.502,13.3,74.8,.219
2010,Milwaukee Bucks,97.7,96.0,104.9,103.1,.518,.482,12.3,26.2,.181,.486,14.6,76.4,.266
2010,Chicago Bulls,97.5,99.1,103.5,105.3,.520,.477,13.3,26.6,.217,.484,12.3,74.8,.212
2010,Miami Heat,96.5,94.2,106.6,104.1,.537,.496,12.8,26.1,.223,.480,13.9,74.9,.246
2010,Charlotte Bobcats,95.3,93.8,104.4,102.8,.538,.490,15.1,26.5,.260,.491,14.7,74.2,.194
2011,Denver Nuggets,107.5,102.7,112.3,107.3,.574,.526,13.1,23.9,.281,.500,12.7,75.4,.224
2011,New York Knicks,106.5,105.7,110.9,110.1,.561,.513,12.6,24.2,.246,.511,13.8,71.9,.240
2011,Oklahoma City Thunder,104.8,101.0,111.2,107.2,.561,.501,13.1,27.4,.299,.493,12.9,73.6,.228
2011,San Antonio Spurs,103.7,98.0,111.8,105.6,.567,.527,12.8,24.9,.229,.491,12.6,74.6,.190
2011,Miami Heat,102.1,94.6,111.7,103.5,.573,.524,13.5,25.2,.279,.475,12.6,75.5,.223
2011,Los Angeles Lakers,101.5,95.4,111.0,104.3,.545,.502,12.3,29.2,.228,.477,12.8,72.3,.181
2011,Dallas Mavericks,100.2,96.0,109.7,105.0,.565,.525,13.6,24.1,.222,.488,13.0,74.8,.206
2011,Memphis Grizzlies,99.9,97.6,107.6,105.1,.534,.493,13.0,28.9,.218,.502,15.7,72.5,.228
2011,Indiana Pacers,99.8,100.9,104.8,106.0,.533,.486,14.1,25.9,.235,.487,12.8,74.1,.237
2011,Orlando Magic,99.2,93.7,107.9,102.0,.554,.521,14.3,26.1,.227,.475,13.3,76.9,.219
2011,Philadelphia 76ers,99.0,97.5,106.6,105.0,.535,.494,12.3,24.6,.210,.487,13.5,74.5,.231
2011,Chicago Bulls,98.6,91.3,108.3,100.3,.541,.501,13.5,29.4,.227,.463,13.6,76.2,.222
2011,Boston Celtics,96.5,91.1,106.2,100.3,.561,.519,14.5,21.1,.235,.469,14.8,74.7,.235
2011,Portland Trail Blazers,96.3,94.8,108.8,107.1,.533,.486,12.6,29.5,.224,.510,15.4,72.0,.231
2011,Atlanta Hawks,95.0,95.8,106.1,107.0,.542,.501,13.5,23.4,.209,.495,12.3,74.6,.211
2011,New Orleans Hornets,94.9,94.0,106.2,105.2,.537,.493,12.8,25.1,.226,.501,14.4,76.2,.220
2012,Denver Nuggets,104.1,101.2,109.2,106.2,.556,.516,14.1,27.7,.239,.508,14.3,74.3,.185
2012,San Antonio Spurs,103.7,96.5,110.9,103.2,.562,.528,12.8,25.1,.195,.489,12.9,76.0,.168
2012,Oklahoma City Thunder,103.1,96.9,109.8,103.2,.567,.516,15.3,27.8,.269,.465,13.0,72.1,.207
2012,Utah Jazz,99.7,99.0,106.8,106.1,.525,.481,13.0,30.2,.227,.493,13.8,73.8,.245
2012,Miami Heat,98.5,92.5,106.6,100.2,.549,.505,14.5,26.6,.238,.479,15.8,73.9,.200
2012,New York Knicks,97.8,94.7,104.4,101.0,.533,.492,14.9,26.6,.227,.485,15.9,73.7,.224
2012,Indiana Pacers,97.7,94.4,106.7,103.1,.526,.474,13.1,29.2,.251,.476,14.1,72.3,.222
2012,Los Angeles Clippers,97.5,95.0,108.5,105.7,.533,.502,12.7,29.5,.195,.492,14.2,73.2,.245
2012,Los Angeles Lakers,97.3,95.9,106.0,104.4,.534,.491,14.2,29.1,.226,.476,10.7,74.8,.158
2012,Atlanta Hawks,96.6,93.2,104.9,101.2,.535,.500,13.4,23.9,.192,.480,14.4,74.4,.186
2012,Chicago Bulls,96.3,88.2,107.4,98.3,.523,.490,13.2,32.6,.184,.450,12.8,74.3,.175
2012,Dallas Mavericks,95.8,94.8,103.3,102.3,.527,.489,13.4,23.4,.190,.479,13.9,74.8,.203
2012,Memphis Grizzlies,95.0,93.0,104.0,101.8,.515,.473,13.6,29.8,.211,.485,16.3,72.7,.227
2012,Orlando Magic,94.2,93.4,105.0,104.1,.533,.506,14.5,26.5,.193,.488,12.9,75.5,.190
2012,Philadelphia 76ers,93.6,89.4,103.9,99.2,.511,.480,10.9,24.4,.161,.460,13.5,75.2,.192
2012,Boston Celtics,91.8,89.3,101.0,98.2,.535,.496,14.7,19.7,.200,.452,14.9,72.4,.216
2013,Denver Nuggets,106.1,101.1,110.4,105.1,.549,.515,13.6,31.4,.216,.493,14.3,71.8,.193
2013,Houston Rockets,106.0,102.5,109.7,106.1,.564,.525,14.9,26.4,.232,.502,13.5,75.2,.196
2013,Oklahoma City Thunder,105.7,96.5,112.4,102.6,.580,.527,14.4,26.7,.280,.469,13.5,73.4,.197
2013,San Antonio Spurs,103.0,96.6,108.3,101.6,.568,.531,14.0,20.5,.204,.480,13.7,74.9,.179
2013,Miami Heat,102.9,95.0,112.3,103.7,.588,.552,13.7,22.2,.224,.487,14.8,73.0,.200
2013,Los Angeles Lakers,102.2,101.0,107.8,106.6,.548,.512,13.9,27.0,.239,.496,11.9,74.3,.163
2013,Golden State Warriors,101.2,100.3,106.4,105.5,.545,.506,14.0,25.4,.201,.486,12.4,75.5,.211
2013,Los Angeles Clippers,101.1,94.6,110.6,103.6,.557,.526,13.9,28.8,.203,.492,15.4,73.5,.229
2013,New York Knicks,100.0,95.7,111.1,106.3,.550,.515,11.7,25.6,.196,.508,14.8,74.7,.216
2013,Milwaukee Bucks,98.9,100.4,103.6,105.2,.510,.476,12.7,27.9,.174,.492,14.4,71.3,.201
2013,Atlanta Hawks,98.0,97.5,104.8,104.4,.546,.517,14.2,22.2,.174,.496,14.2,73.6,.181
2013,Brooklyn Nets,96.9,95.1,108.2,106.2,.536,.498,14.0,30.9,.219,.503,13.1,73.7,.174
2013,Boston Celtics,96.5,96.7,103.1,103.3,.542,.503,14.1,20.1,.204,.482,14.2,73.3,.216
2013,Indiana Pacers,94.7,90.7,104.3,99.8,.521,.479,14.3,30.3,.219,.453,12.9,74.6,.197
2013,Memphis Grizzlies,93.4,89.3,104.9,100.3,.514,.472,13.3,31.0,.202,.475,15.2,74.3,.209
2013,Chicago Bulls,93.2,92.9,103.5,103.2,.512,.470,13.6,29.4,.201,.477,13.2,73.6,.206
2014,Los Angeles Clippers,107.9,101.0,112.1,104.8,.567,.526,12.7,25.0,.258,.484,13.8,72.5,.222
2014,Houston Rockets,107.7,103.1,111.0,106.3,.571,.531,14.6,27.4,.275,.489,12.5,74.1,.193
2014,Portland Trail Blazers,106.7,102.8,111.5,107.4,.548,.504,12.4,28.0,.220,.488,10.9,74.7,.194
2014,Oklahoma City Thunder,106.2,99.8,110.5,103.9,.566,.520,14.0,26.5,.244,.488,13.9,75.6,.221
2014,San Antonio Spurs,105.4,97.6,110.5,102.4,.571,.537,13.5,22.7,.188,.482,12.8,76.4,.184
2014,Dallas Mavericks,104.8,102.4,111.2,108.7,.564,.526,12.7,24.6,.201,.515,14.8,72.7,.229
2014,Golden State Warriors,104.3,99.5,107.5,102.6,.550,.517,13.8,25.1,.186,.477,13.6,76.3,.224
2014,Miami Heat,102.2,97.4,110.9,105.8,.590,.554,14.6,20.6,.228,.511,15.8,73.0,.212
2014,Toronto Raptors,101.3,98.0,108.8,105.3,.545,.498,13.2,27.2,.239,.493,14.1,74.9,.237
2014,Atlanta Hawks,101.0,101.5,105.9,106.4,.554,.515,14.3,21.0,.208,.510,14.0,74.4,.196
2014,Washington Wizards,100.7,99.4,106.0,104.6,.538,.506,13.6,25.2,.181,.504,15.0,75.7,.220
2014,Brooklyn Nets,98.5,99.5,106.7,107.7,.555,.514,14.1,21.7,.236,.509,14.9,72.3,.236
2014,Charlotte Bobcats,96.9,97.1,103.6,103.8,.522,.481,11.7,21.9,.219,.491,12.6,77.6,.183
2014,Indiana Pacers,96.7,92.3,104.1,99.3,.535,.490,14.3,24.9,.226,.460,12.9,76.8,.197
2014,Memphis Grizzlies,96.1,94.6,106.3,104.6,.529,.494,13.1,28.3,.184,.497,13.8,75.7,.199
2014,Chicago Bulls,93.7,91.8,102.5,100.5,.518,.471,14.2,27.2,.226,.471,13.7,75.4,.189
2015,Golden State Warriors,110.0,99.9,111.6,101.4,.571,.540,13.1,24.1,.184,.470,14.3,74.5,.217
2015,Los Angeles Clippers,106.7,100.1,112.4,105.5,.565,.533,11.6,22.8,.215,.493,13.2,75.7,.231
2015,Dallas Mavericks,105.2,102.3,109.5,106.4,.550,.515,11.9,23.6,.197,.503,14.7,72.2,.204
2015,Toronto Raptors,104.0,100.9,111.0,107.7,.553,.508,12.0,25.6,.232,.506,13.4,73.3,.208
2015,Houston Rockets,103.9,100.5,107.0,103.4,.548,.512,15.0,26.8,.223,.486,14.6,72.9,.208
2015,San Antonio Spurs,103.2,97.0,108.5,102.0,.555,.517,13.1,23.4,.200,.484,13.3,77.3,.190
2015,Cleveland Cavaliers,103.1,98.7,111.1,106.3,.557,.520,13.4,26.8,.216,.502,12.6,74.7,.177
2015,Portland Trail Blazers,102.8,98.6,108.2,103.7,.544,.508,12.6,24.2,.180,.476,11.3,76.2,.182
2015,Atlanta Hawks,102.5,97.1,108.9,103.1,.563,.527,13.5,21.4,.201,.492,14.9,73.4,.185
2015,Boston Celtics,101.4,101.2,104.7,104.5,.523,.489,12.5,24.7,.176,.494,13.7,75.0,.208
2015,Chicago Bulls,100.8,97.8,107.5,104.3,.536,.489,12.9,27.0,.238,.473,11.3,74.4,.182
2015,New Orleans Pelicans,99.4,98.6,108.2,107.3,.537,.501,12.5,27.1,.198,.496,11.7,75.1,.195
2015,Washington Wizards,98.5,97.8,103.7,103.0,.534,.499,14.0,24.9,.192,.481,12.9,77.3,.210
2015,Memphis Grizzlies,98.3,95.1,105.7,102.2,.531,.489,12.6,24.7,.214,.492,14.5,75.3,.183
2015,Brooklyn Nets,98.0,100.9,104.4,107.4,.529,.491,13.0,23.9,.200,.506,12.9,73.7,.185
2015,Milwaukee Bucks,97.8,97.4,102.7,102.2,.536,.499,15.5,25.4,.195,.487,15.9,73.3,.221
2016,Golden State Warriors,114.9,104.1,114.5,103.8,.593,.563,13.5,23.5,.191,.479,12.6,76.0,.208
2016,Oklahoma City Thunder,110.2,102.9,113.1,105.6,.565,.524,14.0,31.1,.228,.484,11.7,76.0,.205
2016,Houston Rockets,106.5,106.4,108.3,108.1,.553,.516,14.2,25.7,.244,.516,14.8,72.8,.219
2016,Boston Celtics,105.7,102.5,106.8,103.6,.531,.488,12.1,25.1,.208,.487,14.6,74.6,.231
2016,Portland Trail Blazers,105.1,104.3,108.8,108.0,.548,.511,13.2,25.9,.202,.503,12.1,76.2,.225
2016,Los Angeles Clippers,104.5,100.2,108.3,103.8,.556,.524,12.1,20.1,.220,.480,13.8,73.8,.222
2016,Cleveland Cavaliers,104.3,98.3,110.9,104.5,.558,.524,12.7,25.1,.194,.496,12.6,78.5,.205
2016,San Antonio Spurs,103.5,92.9,110.3,99.0,.564,.526,12.4,23.0,.197,.477,14.1,79.1,.182
2016,Charlotte Hornets,103.4,100.7,107.2,104.3,.545,.502,11.7,20.0,.222,.496,12.5,79.8,.191
2016,Atlanta Hawks,102.8,99.2,105.1,101.4,.552,.516,13.8,19.1,.185,.480,14.4,74.6,.194
2016,Toronto Raptors,102.7,98.2,110.0,105.2,.552,.504,12.3,24.6,.255,.498,12.7,77.7,.201
2016,Dallas Mavericks,102.3,102.6,106.7,107.0,.544,.502,12.0,20.6,.211,.504,12.8,76.2,.198
2016,Indiana Pacers,102.2,100.5,104.6,102.9,.536,.497,13.5,23.4,.205,.489,14.3,76.0,.205
2016,Detroit Pistons,102.0,101.4,106.1,105.5,.522,.491,12.2,27.0,.197,.504,12.5,79.3,.196
2016,Miami Heat,100.0,98.4,106.1,104.4,.545,.508,13.3,23.8,.210,.485,12.1,77.8,.196
2016,Memphis Grizzlies,99.1,101.3,105.4,107.8,.524,.477,12.3,25.3,.231,.518,15.2,75.1,.251
2017,Golden State Warriors,115.9,104.3,115.6,104.0,.597,.563,13.2,22.8,.204,.486,13.5,74.9,.198
2017,Houston Rockets,115.3,109.6,114.7,109.0,.583,.545,13.3,24.6,.233,.519,13.2,75.8,.194
2017,Cleveland Cavaliers,110.3,107.2,113.6,110.3,.580,.547,12.6,21.9,.206,.516,11.4,75.8,.174
2017,Washington Wizards,109.2,107.4,111.2,109.3,.564,.528,12.8,24.1,.199,.524,13.8,75.5,.213
2017,Los Angeles Clippers,108.7,104.4,112.7,108.2,.574,.537,12.0,21.5,.233,.506,12.1,76.9,.211
2017,Boston Celtics,108.0,105.4,111.2,108.4,.567,.525,12.2,21.2,.220,.503,12.6,75.3,.223
2017,Portland Trail Blazers,107.9,108.5,110.3,110.8,.559,.520,12.5,23.0,.214,.508,11.6,76.8,.241
2017,Toronto Raptors,106.9,102.6,112.3,107.8,.561,.517,11.8,25.0,.233,.507,13.5,76.3,.223
2017,Oklahoma City Thunder,106.6,105.8,108.3,107.5,.540,.500,13.2,27.9,.220,.511,12.5,79.0,.218
2017,San Antonio Spurs,105.3,98.1,111.1,103.5,.564,.524,12.6,24.0,.210,.492,13.5,77.6,.192
2017,Indiana Pacers,105.1,105.3,108.6,108.8,.558,.516,12.8,21.2,.212,.512,13.6,75.5,.225
2017,Milwaukee Bucks,103.6,103.8,109.1,109.3,.565,.527,13.2,21.5,.210,.518,13.6,75.4,.215
2017,Atlanta Hawks,103.2,104.0,104.9,105.7,.541,.504,14.2,23.6,.215,.507,13.8,76.1,.179
2017,Chicago Bulls,102.9,102.4,107.4,107.0,.530,.487,12.3,27.0,.206,.507,12.4,76.8,.169
2017,Utah Jazz,100.7,96.8,109.6,105.3,.563,.526,13.2,23.2,.215,.493,11.8,78.9,.195
2017,Memphis Grizzlies,100.5,100.0,107.7,107.1,.535,.491,12.1,24.8,.219,.506,13.6,77.5,.256
2018,Golden State Warriors,113.5,107.5,113.6,107.7,.603,.569,14.1,21.0,.195,.504,12.6,76.3,.186
2018,Houston Rockets,112.4,103.9,114.7,106.1,.590,.551,12.7,21.3,.233,.521,13.4,79.9,.171
2018,New Orleans Pelicans,111.7,110.4,109.6,108.3,.573,.541,13.3,20.0,.183,.513,12.5,76.7,.175
2018,Toronto Raptors,111.7,103.9,113.8,105.9,.575,.539,12.1,23.0,.198,.501,13.0,77.7,.212
2018,Cleveland Cavaliers,110.9,109.9,112.9,111.9,.584,.547,12.6,20.1,.214,.540,12.2,77.3,.166
2018,Philadelphia 76ers,109.8,105.3,109.5,105.0,.568,.535,14.6,25.3,.198,.492,12.6,78.6,.218
2018,Minnesota Timberwolves,109.5,107.3,113.4,111.1,.566,.523,11.4,24.4,.225,.539,13.9,76.4,.189
2018,Oklahoma City Thunder,107.9,104.4,110.7,107.2,.546,.514,12.4,27.7,.197,.525,14.7,77.4,.193
2018,Washington Wizards,106.6,106.0,109.3,108.7,.560,.525,13.3,23.5,.196,.522,13.6,77.1,.212
2018,Milwaukee Bucks,106.5,106.8,109.8,110.1,.571,.531,12.9,20.4,.220,.528,14.2,75.9,.220
2018,Indiana Pacers,105.6,104.2,109.5,108.1,.557,.525,12.3,22.7,.173,.527,14.2,76.2,.174
2018,Portland Trail Blazers,105.6,103.0,109.1,106.4,.549,.511,12.3,23.3,.192,.503,11.7,79.1,.193
2018,Utah Jazz,104.1,99.8,108.4,103.9,.564,.527,13.7,21.5,.202,.506,14.0,79.8,.190
2018,Boston Celtics,104.0,100.4,107.6,103.9,.552,.518,12.9,21.5,.188,.495,13.0,78.4,.191
2018,Miami Heat,103.4,102.9,106.8,106.3,.551,.520,13.3,21.5,.173,.507,13.1,79.0,.215
2018,San Antonio Spurs,102.7,99.8,107.9,104.8,.543,.507,12.2,23.7,.189,.507,13.2,78.6,.170
2019,Milwaukee Bucks,118.1,109.3,113.8,105.2,.583,.550,12.0,20.8,.197,.503,11.5,80.3,.162
2019,Golden State Warriors,117.7,111.2,115.9,109.5,.596,.565,12.6,22.5,.182,.508,11.7,77.1,.205
2019,Philadelphia 76ers,115.2,112.5,112.6,110.0,.574,.532,12.9,24.5,.241,.512,11.1,78.6,.206
2019,Los Angeles Clippers,115.1,114.3,112.4,111.5,.575,.529,12.7,22.0,.258,.514,11.4,76.0,.224
2019,Portland Trail Blazers,114.7,110.5,114.7,110.5,.568,.528,12.1,26.6,.210,.516,11.0,77.9,.195
2019,Oklahoma City Thunder,114.5,111.1,110.3,107.0,.545,.514,11.7,26.0,.190,.523,14.4,78.2,.206
2019,Toronto Raptors,114.4,108.4,113.1,107.1,.579,.543,12.4,21.9,.198,.509,13.1,77.1,.190
2019,Houston Rockets,113.9,109.1,115.5,110.7,.581,.542,12.0,22.8,.221,.525,13.4,74.4,.210
2019,Boston Celtics,112.4,108.0,112.2,107.8,.567,.534,11.5,21.6,.173,.514,13.4,77.0,.198
2019,Brooklyn Nets,112.2,112.3,109.6,109.7,.556,.520,13.0,23.8,.211,.512,11.6,76.4,.190
2019,San Antonio Spurs,111.7,110.0,112.9,111.2,.572,.534,11.0,21.0,.194,.528,11.0,79.4,.170
2019,Utah Jazz,111.7,106.5,110.9,105.7,.572,.538,13.4,22.9,.217,.507,12.4,80.3,.189
2019,Denver Nuggets,110.7,106.7,113.0,108.9,.558,.527,11.9,26.6,.175,.521,12.3,78.0,.194
2019,Indiana Pacers,108.0,104.7,109.9,106.5,.561,.530,12.4,21.9,.182,.516,14.1,76.2,.184
2019,Orlando Magic,107.3,106.6,108.9,108.1,.550,.518,11.9,22.0,.168,.515,11.8,79.7,.186
2019,Detroit Pistons,107.0,107.3,109.0,109.2,.544,.509,12.3,24.8,.195,.526,12.8,78.7,.211
2020,Milwaukee Bucks,118.7,108.6,112.4,102.9,.583,.552,12.9,20.7,.201,.489,12.0,81.6,.178
2020,Houston Rockets,117.8,114.8,112.9,110.1,.578,.537,12.6,21.0,.228,.529,13.7,75.6,.197
2020,Dallas Mavericks,117.0,112.1,116.7,111.7,.581,.545,11.2,23.2,.206,.525,10.6,77.7,.175
2020,Los Angeles Clippers,116.3,109.9,113.9,107.6,.577,.535,12.6,23.5,.233,.506,12.2,77.6,.206
2020,Portland Trail Blazers,115.0,116.1,113.7,114.8,.570,.533,11.2,22.4,.194,.530,11.2,75.3,.208
2020,Boston Celtics,113.7,107.3,113.3,107.0,.570,.531,12.2,23.9,.207,.509,13.5,77.4,.215
2020,Los Angeles Lakers,113.4,107.6,112.0,106.3,.573,.542,13.3,24.5,.201,.515,14.1,78.8,.205
2020,Toronto Raptors,112.8,106.5,111.1,105.0,.574,.536,13.1,21.3,.210,.502,14.6,76.7,.202
2020,Miami Heat,112.0,109.1,112.5,109.5,.587,.547,13.5,20.3,.234,.523,12.6,79.5,.213
2020,Brooklyn Nets,111.8,112.3,108.9,109.5,.554,.520,13.1,23.2,.199,.511,11.0,77.8,.187
2020,Denver Nuggets,111.3,109.2,113.1,111.0,.567,.535,12.3,24.8,.183,.533,12.9,76.8,.198
2020,Utah Jazz,111.3,108.8,112.3,109.9,.585,.549,13.7,21.6,.208,.518,11.1,78.9,.185
2020,Philadelphia 76ers,110.7,108.4,111.3,109.0,.566,.534,12.7,23.9,.193,.523,12.5,80.3,.214
2020,Oklahoma City Thunder,110.4,108.4,110.8,108.8,.573,.530,12.4,19.3,.231,.518,12.6,76.8,.173
2020,Indiana Pacers,109.4,107.5,110.0,108.0,.565,.534,12.0,20.0,.170,.511,13.0,76.7,.192
2020,Orlando Magic,107.3,108.3,108.5,109.5,.544,.506,11.5,22.3,.198,.535,13.2,79.1,.176
2021,Milwaukee Bucks,120.1,114.2,117.2,111.4,.593,.566,12.0,23.3,.177,.536,11.5,79.7,.157
2021,Brooklyn Nets,118.6,114.1,118.3,113.8,.610,.575,12.2,21.4,.208,.531,11.1,77.3,.187
2021,Washington Wizards,116.6,118.5,111.2,113.0,.569,.531,12.3,21.3,.221,.539,12.5,77.6,.217
2021,Utah Jazz,116.4,107.2,117.6,108.3,.597,.563,12.7,24.5,.195,.507,10.3,79.3,.159
2021,Portland Trail Blazers,116.1,114.3,117.8,116.0,.577,.540,9.9,23.0,.195,.546,11.2,77.5,.203
2021,Phoenix Suns,115.3,109.5,117.2,111.3,.597,.564,11.5,20.8,.177,.534,12.4,78.5,.194
2021,Denver Nuggets,115.1,110.1,117.1,112.1,.588,.557,12.1,24.7,.176,.545,12.9,78.9,.200
2021,Los Angeles Clippers,114.0,107.8,117.6,111.2,.599,.564,12.2,22.7,.186,.531,11.9,79.1,.186
2021,Atlanta Hawks,113.7,111.4,115.7,113.3,.581,.539,11.9,24.4,.226,.530,11.1,77.8,.190
2021,Philadelphia 76ers,113.6,108.1,113.2,107.6,.579,.541,12.8,23.2,.225,.521,13.8,78.2,.200
2021,Memphis Grizzlies,113.3,112.3,112.0,111.0,.560,.528,11.6,24.2,.179,.535,13.1,78.3,.196
2021,Boston Celtics,112.6,111.2,114.0,112.5,.574,.543,12.5,24.3,.181,.539,12.8,78.1,.215
2021,Dallas Mavericks,112.4,110.2,115.4,113.0,.582,.550,11.1,21.1,.189,.534,11.5,77.8,.197
2021,Los Angeles Lakers,109.5,106.8,109.9,107.1,.569,.536,13.6,22.5,.200,.526,13.7,79.7,.184
2021,Miami Heat,108.1,108.0,111.2,111.2,.581,.546,13.1,19.4,.199,.542,13.8,77.9,.183
2021,New York Knicks,107.0,104.7,110.6,108.2,.559,.524,11.9,21.9,.190,.509,11.7,78.6,.196
2022,Minnesota Timberwolves,115.9,113.3,114.3,111.7,.573,.539,12.4,24.4,.198,.535,14.2,74.9,.227
2022,Memphis Grizzlies,115.6,109.9,114.6,109.0,.553,.522,11.2,30.0,.180,.523,13.3,77.8,.195
2022,Milwaukee Bucks,115.5,112.1,115.1,111.8,.580,.546,11.9,23.0,.199,.536,11.6,78.6,.165
2022,Phoenix Suns,114.8,107.3,114.8,107.3,.581,.549,11.6,22.3,.176,.510,13.0,77.1,.195
2022,Atlanta Hawks,113.9,112.4,116.5,114.9,.581,.543,10.8,23.0,.205,.543,11.5,76.9,.177
2022,Utah Jazz,113.6,107.6,116.7,110.5,.589,.555,12.7,25.4,.208,.521,10.9,78.3,.164
2022,Brooklyn Nets,112.9,112.1,113.6,112.8,.576,.540,12.5,23.9,.198,.521,11.7,75.1,.201
2022,Denver Nuggets,112.7,110.4,114.5,112.1,.590,.556,13.2,21.9,.194,.537,11.7,78.3,.188
2022,Boston Celtics,111.8,104.5,114.4,106.9,.578,.542,12.4,24.0,.195,.502,12.5,77.3,.183
2022,Chicago Bulls,111.6,112.0,113.2,113.6,.579,.541,11.8,20.4,.201,.541,11.9,78.3,.199
2022,Golden State Warriors,111.0,105.5,112.5,106.9,.582,.552,13.5,22.8,.181,.509,13.0,78.7,.201
2022,Miami Heat,110.0,105.6,113.7,109.1,.584,.547,13.4,23.5,.204,.524,13.8,78.0,.209
2022,Philadelphia 76ers,109.9,107.3,113.5,110.8,.578,.534,11.6,20.1,.232,.524,12.1,76.8,.192
2022,Toronto Raptors,109.4,107.1,112.9,110.5,.543,.510,11.0,28.4,.177,.535,14.4,75.6,.199
2022,New Orleans Pelicans,109.3,110.3,112.0,113.0,.557,.517,12.5,26.9,.208,.547,13.0,78.2,.196
2022,Dallas Mavericks,108.0,104.7,112.8,109.4,.572,.538,11.7,21.3,.192,.521,12.2,78.0,.185
2023,Sacramento Kings,120.7,118.1,119.4,116.8,.608,.572,12.0,22.7,.225,.563,12.6,77.2,.203
2023,Golden State Warriors,118.9,117.1,116.1,114.4,.600,.571,14.1,24.4,.178,.540,12.3,76.0,.214
2023,Atlanta Hawks,118.4,118.1,116.6,116.3,.579,.541,11.2,25.1,.200,.552,12.4,75.8,.206
2023,Boston Celtics,117.9,111.4,118.0,111.5,.600,.566,12.0,22.1,.197,.528,11.3,78.5,.180
2023,Los Angeles Lakers,117.2,116.6,114.5,113.9,.582,.542,12.3,22.8,.232,.535,10.9,76.3,.171
2023,Memphis Grizzlies,116.9,113.0,115.1,111.2,.570,.540,11.7,26.5,.190,.526,13.1,75.9,.206
2023,Milwaukee Bucks,116.9,113.3,115.4,111.9,.583,.555,12.7,25.0,.184,.520,10.4,77.8,.175
2023,New York Knicks,116.0,113.1,117.8,114.8,.577,.541,11.4,28.3,.217,.536,11.4,77.1,.210
2023,Denver Nuggets,115.8,112.5,117.6,114.2,.601,.573,13.1,24.8,.194,.543,12.2,76.4,.201
2023,Minnesota Timberwolves,115.8,115.8,113.7,113.8,.592,.560,13.6,21.5,.205,.540,13.3,74.3,.225
2023,Philadelphia 76ers,115.2,110.9,117.7,113.3,.608,.563,12.6,21.6,.250,.541,13.0,77.2,.217
2023,Phoenix Suns,113.6,111.6,115.1,113.0,.570,.535,12.0,26.6,.191,.532,12.9,76.0,.234
2023,Los Angeles Clippers,113.6,113.1,115.0,114.5,.588,.551,12.8,22.9,.217,.543,11.7,76.6,.195
2023,Brooklyn Nets,113.4,112.5,115.0,114.1,.598,.562,12.7,19.6,.208,.530,12.2,73.7,.212
2023,Cleveland Cavaliers,112.3,106.9,116.1,110.6,.590,.556,12.3,23.6,.206,.535,14.4,76.3,.210
2023,Miami Heat,109.5,109.8,113.0,113.3,.574,.530,12.4,22.8,.224,.561,14.5,77.7,.198
2024,Indiana Pacers,123.3,120.2,121.0,118.0,.606,.578,11.3,23.8,.173,.556,12.1,74.1,.228
2024,Boston Celtics,120.6,109.2,123.2,111.6,.609,.578,10.8,24.9,.180,.523,10.8,76.3,.145
2024,Oklahoma City Thunder,120.1,112.7,119.5,112.1,.608,.573,11.4,21.1,.198,.530,13.6,73.8,.202
2024,Milwaukee Bucks,119.0,116.4,118.4,115.8,.601,.568,11.5,21.8,.209,.539,10.6,77.2,.189
2024,Los Angeles Lakers,118.0,117.4,115.9,115.3,.601,.566,12.5,19.9,.216,.550,11.7,76.2,.153
2024,Dallas Mavericks,117.9,115.6,117.6,115.4,.592,.562,11.2,22.2,.190,.548,12.1,75.2,.184
2024,Phoenix Suns,116.2,113.2,117.6,114.6,.603,.565,13.4,25.0,.219,.536,11.3,75.6,.178
2024,Los Angeles Clippers,115.6,112.3,118.8,115.4,.599,.561,12.0,24.4,.211,.541,11.7,74.8,.183
2024,New Orleans Pelicans,115.1,110.7,117.4,112.9,.591,.558,11.8,24.4,.202,.541,12.9,76.9,.186
2024,Denver Nuggets,114.9,109.6,118.5,113.0,.589,.562,11.5,25.5,.170,.526,11.2,75.6,.195
2024,Philadelphia 76ers,114.6,111.5,116.9,113.8,.574,.532,10.7,24.8,.218,.537,13.1,74.3,.215
2024,Minnesota Timberwolves,113.0,106.5,115.6,109.0,.594,.559,13.0,23.2,.209,.515,12.9,76.9,.197
2024,New York Knicks,112.8,108.2,118.2,113.4,.574,.540,11.9,29.4,.192,.543,12.3,76.1,.176
2024,Cleveland Cavaliers,112.6,110.2,115.2,112.7,.586,.557,12.4,23.2,.179,.535,12.3,76.9,.190
2024,Orlando Magic,110.5,108.4,113.4,111.3,.577,.541,13.3,25.3,.218,.543,13.8,78.1,.206
2024,Miami Heat,110.1,108.4,114.0,112.2,.578,.538,11.7,21.8,.210,.543,12.7,78.1,.174
2025,Cleveland Cavaliers,121.9,112.4,121.7,112.2,.607,.578,11.6,25.9,.187,.528,12.6,74.8,.181
2025,Memphis Grizzlies,121.7,116.9,117.7,113.0,.588,.554,13.1,28.7,.196,.533,12.9,74.9,.206
2025,Denver Nuggets,120.8,116.9,119.9,116.0,.604,.573,12.5,26.7,.200,.542,11.3,74.6,.173
2025,Oklahoma City Thunder,120.5,107.6,120.3,107.5,.593,.560,10.3,24.2,.180,.513,14.9,74.6,.211
2025,Indiana Pacers,117.4,115.1,116.5,114.3,.594,.562,11.8,21.3,.190,.546,13.1,74.5,.190
2025,Boston Celtics,116.3,107.2,120.6,111.1,.591,.561,10.8,25.7,.169,.522,11.6,76.0,.154
2025,New York Knicks,115.8,111.7,118.5,114.3,.589,.556,11.9,26.0,.186,.549,13.1,74.5,.176
2025,Milwaukee Bucks,115.5,113.0,115.9,113.4,.598,.568,12.2,19.3,.201,.533,11.4,76.2,.174
2025,Detroit Pistons,115.5,113.6,115.0,113.1,.580,.547,13.0,26.2,.192,.539,13.3,76.0,.214
2025,Minnesota Timberwolves,114.3,109.3,116.6,111.5,.588,.554,13.0,25.8,.196,.532,13.2,75.1,.178
2025,Houston Rockets,114.3,109.8,115.3,110.8,.553,.523,11.8,31.7,.178,.528,12.8,76.2,.186
2025,Golden State Warriors,113.8,110.5,115.0,111.7,.568,.536,12.3,27.3,.187,.541,14.1,75.6,.189
2025,Los Angeles Lakers,113.4,112.2,115.9,114.7,.593,.557,12.7,23.3,.213,.539,12.2,74.5,.178
2025,Los Angeles Clippers,112.9,108.2,115.1,110.3,.589,.554,13.4,24.4,.200,.536,13.7,77.5,.189
2025,Miami Heat,110.6,110.0,113.5,112.9,.576,.544,12.4,22.3,.183,.543,12.5,75.8,.157
2025,Orlando Magic,105.4,105.5,109.4,109.6,.550,.510,12.9,25.3,.208,.538,15.0,77.0,.220
2026,Denver Nuggets,122.1,116.9,122.6,117.4,.616,.577,11.5,23.6,.237,.543,10.4,75.3,.196
2026,San Antonio Spurs,119.8,111.5,119.6,111.3,.595,.559,11.8,26.2,.215,.522,11.5,77.3,.180
2026,Cleveland Cavaliers,119.5,115.4,119.2,115.1,.595,.561,12.2,26.9,.206,.543,13.1,74.4,.209
2026,Oklahoma City Thunder,119.0,107.9,118.9,107.7,.599,.561,11.2,22.3,.213,.519,14.6,74.4,.184
2026,Atlanta Hawks,118.5,116.0,116.1,113.7,.584,.554,12.3,24.4,.181,.546,13.9,74.5,.206
2026,Minnesota Timberwolves,118.0,114.6,116.8,113.5,.592,.559,12.9,25.7,.215,.529,13.0,73.7,.220
2026,Detroit Pistons,117.8,109.6,117.9,109.7,.583,.546,13.0,30.9,.223,.517,14.8,74.2,.251
2026,New York Knicks,116.5,110.1,119.8,113.3,.590,.557,12.1,29.3,.188,.541,13.1,76.7,.206
2026,Los Angeles Lakers,116.3,114.6,118.2,116.4,.609,.573,13.2,23.9,.244,.555,13.0,74.3,.191
2026,Philadelphia 76ers,115.9,116.1,115.4,115.5,.572,.530,11.9,26.2,.222,.541,13.3,72.5,.212
2026,Orlando Magic,115.7,115.1,114.9,114.3,.576,.531,12.4,25.0,.249,.545,13.1,75.6,.223
2026,Portland Trail Blazers,115.5,115.8,114.4,114.7,.570,.534,14.6,31.3,.214,.541,13.5,72.7,.215
2026,Houston Rockets,115.2,110.0,118.6,113.2,.576,.542,13.3,34.8,.199,.530,12.1,74.5,.189
2026,Boston Celtics,114.9,107.2,120.8,112.7,.583,.553,11.2,29.2,.167,.523,11.4,75.7,.189
2026,Toronto Raptors,114.6,111.8,115.9,113.0,.581,.546,12.2,25.5,.204,.540,14.3,74.0,.222
2026,Phoenix Suns,112.6,111.1,115.4,113.9,.568,.537,12.8,28.9,.176,.541,14.5,71.9,.217
